GeoName,Description,Levels,Per_Change_2020,2016,2017,2018,2019,2020
Alabama,Real dollar statistics,,,,,,,
Alabama,  Real GDP (millions of chained 2012 dollars) 1/,199880.8,-1.7,194283.8,196974.9,200372.6,203432.7,199880.8
Alabama,  Real personal income (millions of constant (2012) dollars) 2/,231128.3,4.6,203118.8,208645,217765.2,220892.3,231128.3
Alabama,  Real PCE (millions of constant (2012) dollars) 3/,177776.9,-2,165559.2,170601,179311.2,181497.3,177776.9
Alabama,Current dollar statistics (millions of dollars),,,,,,,
Alabama,  Gross domestic product (GDP),230892.1,-0.3,207368.4,214606.3,223859.3,231561.9,230892.1
Alabama,  Personal income,232040.3,7.1,192363.5,199191.8,206712,216587.5,232040.3
Alabama,  Disposable personal income,211949.4,7.8,173653.1,180348.3,188347.5,196622.7,211949.4
Alabama,  Personal consumption expenditures,177093.9,-0.2,157119.9,163308.1,170793.3,177412.1,177093.9
Alabama,Real per capita dollar statistics (constant 2012 dollars),,,,,,,
Alabama,  Real per capita personal income 4/,46963,4.3,41735,42773,44518,45007,46963
Alabama,  Real per capita PCE 5/,36122,-2.3,34018,34974,36657,36980,36122
Alabama,Per capita current dollar statistics,,,,,,,
Alabama,  Per capita personal income 6/,46179,6.7,39014,40223,41539,43288,46179
Alabama,  Per capita disposable personal income 7/,42181,7.3,35220,36418,37848,39298,42181
Alabama,  Per capita personal consumption expenditures (PCE) 8/,35244,-0.6,31866,32977,34321,35458,35244
Alabama,Price indexes,,,,,,,
Alabama,  Regional price parities (RPPs) 9/,89.252,0.2,91.122,90.296,87.968,89.096,89.252
Alabama,  Implicit regional price deflator 10/,99.27,1.4,94.903,95.76,95.285,97.936,99.27
Alabama,Employment,,,,,,,
Alabama,  Total employment (number of jobs),2671253,-1.5,2619737,2649157,2692095,2712163,2671253
Alaska,Real dollar statistics,,,,,,,
Alaska,  Real GDP (millions of chained 2012 dollars) 1/,50705.2,-5.1,54246.6,54278.7,53327,53433.8,50705.2
Alaska,  Real personal income (millions of constant (2012) dollars) 2/,40557.5,1.6,38320.5,37877,38797.7,39918.3,40557.5
Alaska,  Real PCE (millions of constant (2012) dollars) 3/,31034.2,-6.6,31276.5,31334.5,32167.8,33234,31034.2
Alaska,Current dollar statistics (millions of dollars),,,,,,,
Alaska,  Gross domestic product (GDP),50475.2,-7.8,50727.7,53301.5,54899.6,54728.2,50475.2
Alaska,  Personal income,45965.1,2,41837.4,42431.4,43981.2,45056.8,45965.1
Alaska,  Disposable personal income,42437.8,2,38255.9,39036.5,40765.9,41593.3,42437.8
Alaska,  Personal consumption expenditures,35831.5,-5.1,34218.2,35232.3,36639.5,37743.5,35831.5
Alaska,Real per capita dollar statistics (constant 2012 dollars),,,,,,,
Alaska,  Real per capita personal income 4/,55470,1.9,51605,51117,52670,54414,55470
Alaska,  Real per capita PCE 5/,42445,-6.3,42119,42288,43669,45302,42445
Alaska,Per capita current dollar statistics,,,,,,,
Alaska,  Per capita personal income 6/,62756,2.3,56278,57189,59618,61316,62756
Alaska,  Per capita disposable personal income 7/,57940,2.4,51460,52613,55260,56603,57940
Alaska,  Per capita personal consumption expenditures (PCE) 8/,48921,-4.8,46029,47486,49666,51364,48921
Alaska,Price indexes,,,,,,,
Alaska,  Regional price parities (RPPs) 9/,103.239,-0.2,105.048,106.041,105.169,103.417,103.239
Alaska,  Implicit regional price deflator 10/,114.827,1,109.406,112.458,113.918,113.678,114.827
Alaska,Employment,,,,,,,
Alaska,  Total employment (number of jobs),430824,-5.3,457120,455499,454830,454785,430824
Arizona,Real dollar statistics,,,,,,,
Arizona,  Real GDP (millions of chained 2012 dollars) 1/,327178,0.5,291275.2,303606.1,314827.5,325395.3,327178
Arizona,  Real personal income (millions of constant (2012) dollars) 2/,335393.2,8.4,274244.5,287093.8,299176.3,309269.1,335393.2
Arizona,  Real PCE (millions of constant (2012) dollars) 3/,260537.2,-2,237126.1,248540.3,258541.1,265845.6,260537.2
Arizona,Current dollar statistics (millions of dollars),,,,,,,
Arizona,  Gross domestic product (GDP),382072.3,2.6,313081.4,332001.8,351879.5,372393.5,382072.3
Arizona,  Personal income,375601.3,10.4,282085.1,299249.2,316896.3,340259.8,375601.3
Arizona,  Disposable personal income,339835.8,11.4,253015.4,268633.7,285095.1,305173.1,339835.8
Arizona,  Personal consumption expenditures,288818.8,0.5,244414.7,258453.2,273358.7,287272.8,288818.8
Arizona,Real per capita dollar statistics (constant 2012 dollars),,,,,,,
Arizona,  Real per capita personal income 4/,45193,6.6,39489,40734,41760,42413,45193
Arizona,  Real per capita PCE 5/,35106,-3.7,34145,35264,36088,36458,35106
Arizona,Per capita current dollar statistics,,,,,,,
Arizona,  Per capita personal income 6/,52327,8.7,41473,43497,45466,48124,52327
Arizona,  Per capita disposable personal income 7/,47344,9.7,37199,39047,40904,43161,47344
Arizona,  Per capita personal consumption expenditures (PCE) 8/,40237,-1,35935,37567,39220,40630,40237
Arizona,Price indexes,,,,,,,
Arizona,  Regional price parities (RPPs) 9/,99.071,0.6,98.968,98.072,97.638,98.439,99.071
Arizona,  Implicit regional price deflator 10/,110.192,1.8,103.074,104.006,105.76,108.206,110.192
Arizona,Employment,,,,,,,
Arizona,  Total employment (number of jobs),3920036,-0.3,3644774,3740756,3854674,3929985,3920036
Arkansas,Real dollar statistics,,,,,,,
Arkansas,  Real GDP (millions of chained 2012 dollars) 1/,117268.2,0.1,112798.1,113850.2,115885.2,117126.2,117268.2
Arkansas,  Real personal income (millions of constant (2012) dollars) 2/,144752.4,3.8,130467.1,133409.6,137023.7,139474.3,144752.4
Arkansas,  Real PCE (millions of constant (2012) dollars) 3/,105340.8,-2,100875.9,103635.3,106285.6,107449,105340.8
Arkansas,Current dollar statistics (millions of dollars),,,,,,,
Arkansas,  Gross domestic product (GDP),133969.1,1.8,119152.4,122466.7,127535.7,131578.3,133969.1
Arkansas,  Personal income,142038.5,6.7,121825.9,125285.9,130033.4,133161.4,142038.5
Arkansas,  Disposable personal income,129873.4,7.3,109951.9,113123.4,118371.3,121026.4,129873.4
Arkansas,  Personal consumption expenditures,104782.9,0.6,94391.2,97895.2,101690.3,104158.6,104782.9
Arkansas,Real per capita dollar statistics (constant 2012 dollars),,,,,,,
Arkansas,  Real per capita personal income 4/,47765,3.5,43608,44413,45490,46168,47765
Arkansas,  Real per capita PCE 5/,34760,-2.3,33717,34501,35286,35568,34760
Arkansas,Per capita current dollar statistics,,,,,,,
Arkansas,  Per capita personal income 6/,47154,6.4,40873,41890,43384,44324,47154
Arkansas,  Per capita disposable personal income 7/,43115,7,36889,37824,39493,40285,43115
Arkansas,  Per capita personal consumption expenditures (PCE) 8/,34786,0.3,31668,32732,33928,34670,34786
Arkansas,Price indexes,,,,,,,
Arkansas,  Regional price parities (RPPs) 9/,89.181,0.9,89.845,89.108,88.36,88.417,89.181
Arkansas,  Implicit regional price deflator 10/,99.191,2.1,93.572,94.5,95.711,97.19,99.191
Arkansas,Employment,,,,,,,
Arkansas,  Total employment (number of jobs),1640442,-1.4,1629698,1639902,1657951,1664214,1640442
California,Real dollar statistics,,,,,,,
California,  Real GDP (millions of chained 2012 dollars) 1/,2667220.9,-2.3,2427894.6,2538204,2644061.2,2729225.8,2667220.9
California,  Real personal income (millions of constant (2012) dollars) 2/,2257635.2,7,1966517.8,1996461.5,2031413,2110441.1,2257635.2
California,  Real PCE (millions of constant (2012) dollars) 3/,1495470.9,-6,1460675.2,1493956.8,1530105.5,1590887.4,1495470.9
California,Current dollar statistics (millions of dollars),,,,,,,
California,  Gross domestic product (GDP),3020173.4,-0.7,2569634,2728743.1,2897200.7,3042694.1,3020173.4
California,  Personal income,2790523.5,8.7,2218457.8,2318280.9,2431773.9,2567425.6,2790523.5
California,  Disposable personal income,2403799.4,9.3,1899055,1984643,2078193.3,2198931.7,2403799.4
California,  Personal consumption expenditures,1848651.7,-3.6,1651249,1738353.6,1833872.8,1917201.3,1848651.7
California,Real per capita dollar statistics (constant 2012 dollars),,,,,,,
California,  Real per capita personal income 4/,57347,7.2,50231,50752,51510,53513,57347
California,  Real per capita PCE 5/,37987,-5.8,37310,37978,38798,40339,37987
California,Per capita current dollar statistics,,,,,,,
California,  Per capita personal income 6/,70647,8.8,56560,58804,61508,64919,70647
California,  Per capita disposable personal income 7/,60856,9.4,48417,50341,52565,55602,60856
California,  Per capita personal consumption expenditures (PCE) 8/,46802,-3.5,42099,44094,46385,48478,46802
California,Price indexes,,,,,,,
California,  Regional price parities (RPPs) 9/,110.38,0.5,108.544,109.765,110.755,109.877,110.38
California,  Implicit regional price deflator 10/,122.769,1.6,113.047,116.407,119.968,120.779,122.769
California,Employment,,,,,,,
California,  Total employment (number of jobs),23155486,-4.4,23177898,23548985,24078141,24227775,23155486
Colorado,Real dollar statistics,,,,,,,
Colorado,  Real GDP (millions of chained 2012 dollars) 1/,353345.2,-1.4,318953.4,329913.3,342733.2,358438.5,353345.2
Colorado,  Real personal income (millions of constant (2012) dollars) 2/,324716,3.7,272577.8,284986.7,307894.2,313007,324716
Colorado,  Real PCE (millions of constant (2012) dollars) 3/,236760.8,-2.9,219237,226426.4,240511.5,243779.7,236760.8
Colorado,Current dollar statistics (millions of dollars),,,,,,,
Colorado,  Gross domestic product (GDP),391263.3,-0.8,329911.7,349156.5,372212.1,394534.7,391263.3
Colorado,  Personal income,378051.4,6.1,289673,309417.3,331851,356341.3,378051.4
Colorado,  Disposable personal income,333477.3,6.7,252120.8,270293.5,291707.7,312673.5,333477.3
Colorado,  Personal consumption expenditures,272276.5,-0.2,233473.1,246543.7,259778,272795.8,272276.5
Colorado,Real per capita dollar statistics (constant 2012 dollars),,,,,,,
Colorado,  Real per capita personal income 4/,55911,2.9,49168,50733,54044,54356,55911
Colorado,  Real per capita PCE 5/,40767,-3.7,39546,40308,42216,42334,40767
Colorado,Per capita current dollar statistics,,,,,,,
Colorado,  Per capita personal income 6/,65358,5.2,52390,55251,58453,62124,65358
Colorado,  Per capita disposable personal income 7/,57652,5.8,45598,48265,51382,54511,57652
Colorado,  Per capita personal consumption expenditures (PCE) 8/,47072,-1,42226,44024,45758,47559,47072
Colorado,Price indexes,,,,,,,
Colorado,  Regional price parities (RPPs) 9/,102.866,0.8,102.252,102.695,99.749,102.029,102.866
Colorado,  Implicit regional price deflator 10/,114.412,2,106.493,108.909,108.046,112.152,114.412
Colorado,Employment,,,,,,,
Colorado,  Total employment (number of jobs),3821923,-1.9,3666733,3760707,3857950,3895377,3821923
Connecticut,Real dollar statistics,,,,,,,
Connecticut,  Real GDP (millions of chained 2012 dollars) 1/,235234.9,-6.5,243286.7,247035.9,249074.8,251568.2,235234.9
Connecticut,  Real personal income (millions of constant (2012) dollars) 2/,243771.5,1.8,223770.1,224989.5,237339.9,239391.8,243771.5
Connecticut,  Real PCE (millions of constant (2012) dollars) 3/,155937.1,-4.8,153123.5,155259.1,162720.9,163830.9,155937.1
Connecticut,Current dollar statistics (millions of dollars),,,,,,,
Connecticut,  Gross domestic product (GDP),276223.3,-4.3,263670.3,271443.2,279923,288536.3,276223.3
Connecticut,  Personal income,282486.1,3.7,247777.4,252571.3,263357.6,272459.4,282486.1
Connecticut,  Disposable personal income,241345.9,4.1,209623,213212.7,223772.7,231931.9,241345.9
Connecticut,  Personal consumption expenditures,180077,-2.6,169905.3,174977.7,181460.1,184842.1,180077
Connecticut,Real per capita dollar statistics (constant 2012 dollars),,,,,,,
Connecticut,  Real per capita personal income 4/,68533,2.1,62509,62928,66397,67131,68533
Connecticut,  Real per capita PCE 5/,43839,-4.6,42774,43425,45522,45942,43839
Connecticut,Per capita current dollar statistics,,,,,,,
Connecticut,  Per capita personal income 6/,78463,3.9,68680,70011,72926,75533,78463
Connecticut,  Per capita disposable personal income 7/,67036,4.3,58105,59101,61964,64298,67036
Connecticut,  Per capita personal consumption expenditures (PCE) 8/,50018,-2.4,47095,48502,50248,51243,50018
Connecticut,Price indexes,,,,,,,
Connecticut,  Regional price parities (RPPs) 9/,103.439,0.5,106.54,106.33,103.014,102.904,103.439
Connecticut,  Implicit regional price deflator 10/,115.05,1.7,110.96,112.764,111.583,113.114,115.05
Connecticut,Employment,,,,,,,
Connecticut,  Total employment (number of jobs),2217497,-3.5,2301306,2300236,2314488,2298065,2217497
Delaware,Real dollar statistics,,,,,,,
Delaware,  Real GDP (millions of chained 2012 dollars) 1/,62281.8,-2.9,63001.3,60357.5,61425.1,64143.5,62281.8
Delaware,  Real personal income (millions of constant (2012) dollars) 2/,51006.8,5.4,45113,46652.1,48456.8,48406,51006.8
Delaware,  Real PCE (millions of constant (2012) dollars) 3/,41186.1,-2.4,39313.9,40189.1,41699.7,42179.2,41186.1
Delaware,Current dollar statistics (millions of dollars),,,,,,,
Delaware,  Gross domestic product (GDP),75818.6,-1.4,69355,68302.5,72168.3,76923.7,75818.6
Delaware,  Personal income,55866.8,5,46444.8,48476.2,51191.2,53202.5,55866.8
Delaware,  Disposable personal income,49416.5,5.4,41212.5,42883.8,45394,46877.6,49416.5
Delaware,  Personal consumption expenditures,45112.3,-1.4,40559,41859.8,44085.2,45735.2,45112.3
Delaware,Real per capita dollar statistics (constant 2012 dollars),,,,,,,
Delaware,  Real per capita personal income 4/,51689,4.3,47488,48700,50111,49562,51689
Delaware,  Real per capita PCE 5/,41737,-3.4,41384,41954,43123,43187,41737
Delaware,Per capita current dollar statistics,,,,,,,
Delaware,  Per capita personal income 6/,56324,3.9,48734,50417,52716,54217,56324
Delaware,  Per capita disposable personal income 7/,49821,4.3,43244,44601,46746,47771,49821
Delaware,  Per capita personal consumption expenditures (PCE) 8/,45481,-2.4,42558,43536,45398,46607,45481
Delaware,Price indexes,,,,,,,
Delaware,  Regional price parities (RPPs) 9/,97.872,-1.1,99.058,98.399,97.967,98.922,97.872
Delaware,  Implicit regional price deflator 10/,108.858,0.1,103.167,104.354,106.116,108.737,108.858
Delaware,Employment,,,,,,,
Delaware,  Total employment (number of jobs),592045,-1.8,578668,584712,596999,602812,592045
District of Columbia,Real dollar statistics,,,,,,,
District of Columbia,  Real GDP (millions of chained 2012 dollars) 1/,122485.3,-1.7,119644.3,120759.4,123680.5,124597.2,122485.3
District of Columbia,  Real personal income (millions of constant (2012) dollars) 2/,49925.8,4.4,45795.5,47049.3,47191,47836.5,49925.8
District of Columbia,  Real PCE (millions of constant (2012) dollars) 3/,37471.6,-8.9,37420.6,38818.1,39647,41138.9,37471.6
District of Columbia,Current dollar statistics (millions of dollars),,,,,,,
District of Columbia,  Gross domestic product (GDP),144720,0.5,129648.6,133243.5,139722.5,143990.8,144720
District of Columbia,  Personal income,61925.5,6.4,52684.5,54464.8,56707.5,58203.2,61925.5
District of Columbia,  Disposable personal income,52510.2,7.3,44766,46276.4,48015.5,48934,52510.2
District of Columbia,  Personal consumption expenditures,47733.5,-2.8,43139.6,45021,47626.2,49118.1,47733.5
District of Columbia,Real per capita dollar statistics (constant 2012 dollars),,,,,,,
District of Columbia,  Real per capita personal income 4/,70040,3.7,66604,67495,67019,67542,70040
District of Columbia,  Real per capita PCE 5/,52568,-9.5,54424,55687,56305,58085,52568
District of Columbia,Per capita current dollar statistics,,,,,,,
District of Columbia,  Per capita personal income 6/,89735,6,78186,79984,82708,84671,89735
District of Columbia,  Per capita disposable personal income 7/,76091,6.9,66435,67959,70031,71186,76091
District of Columbia,  Per capita personal consumption expenditures (PCE) 8/,69170,-3.2,64021,66116,69463,71454,69170
District of Columbia,Price indexes,,,,,,,
District of Columbia,  Regional price parities (RPPs) 9/,111.459,2.2,110.691,109.386,110.912,109.06,111.459
District of Columbia,  Implicit regional price deflator 10/,123.97,3.4,115.283,116.005,120.138,119.881,123.97
District of Columbia,Employment,,,,,,,
District of Columbia,  Total employment (number of jobs),865878,-5.4,892766,902812,914209,915189,865878
Florida,Real dollar statistics,,,,,,,
Florida,  Real GDP (millions of chained 2012 dollars) 1/,950164.4,-1.6,881539.2,912687.4,941626.7,965672.5,950164.4
Florida,  Real personal income (millions of constant (2012) dollars) 2/,1083474.6,4.2,904603.2,954660.9,998979.2,1039408.7,1083474.6
Florida,  Real PCE (millions of constant (2012) dollars) 3/,846225.4,-3.9,791447.7,813925.6,850008.2,880136.8,846225.4
Florida,Current dollar statistics (millions of dollars),,,,,,,
Florida,  Gross domestic product (GDP),1116726.8,0.5,953352.5,1003144,1057255.4,1111392.2,1116726.8
Florida,  Personal income,1235793.4,6.1,954069.7,1023855.3,1088794.7,1165093.1,1235793.4
Florida,  Disposable personal income,1111276.3,6.6,857117.4,903019.4,974973,1042644.2,1111276.3
Florida,  Personal consumption expenditures,954880.3,-1,836468.9,874165.4,926954.3,964269.4,954880.3
Florida,Real per capita dollar statistics (constant 2012 dollars),,,,,,,
Florida,  Real per capita personal income 4/,49853,3.1,43855,45510,47000,48362,49853
Florida,  Real per capita PCE 5/,38937,-4.9,38369,38801,39991,40952,38937
Florida,Per capita current dollar statistics,,,,,,,
Florida,  Per capita personal income 6/,57292,5,46454,49055,51520,54560,57292
Florida,  Per capita disposable personal income 7/,51520,5.5,41733,43265,46134,48825,51520
Florida,  Per capita personal consumption expenditures (PCE) 8/,44269,-2,40728,41883,43862,45155,44269
Florida,Price indexes,,,,,,,
Florida,  Regional price parities (RPPs) 9/,100.711,0.8,101.479,101.291,100.688,99.946,100.711
Florida,  Implicit regional price deflator 10/,112.016,2,105.688,107.421,109.064,109.863,112.016
Florida,Employment,,,,,,,
Florida,  Total employment (number of jobs),12720098,-0.3,11682235,12098446,12556075,12761585,12720098
Georgia,Real dollar statistics,,,,,,,
Georgia,  Real GDP (millions of chained 2012 dollars) 1/,537615.8,-3.5,506816.2,523805.3,538604.6,557364.4,537615.8
Georgia,  Real personal income (millions of constant (2012) dollars) 2/,528986.8,6.2,447343.6,463874.1,479603.4,498094.3,528986.8
Georgia,  Real PCE (millions of constant (2012) dollars) 3/,388721,-2.7,363854.3,375159,388829.2,399576.1,388721
Georgia,Current dollar statistics (millions of dollars),,,,,,,
Georgia,  Gross domestic product (GDP),625425.7,-2,547546.7,573777.2,602366.4,637992.5,625425.7
Georgia,  Personal income,557601.2,6.7,444023.7,469213.5,493507.4,522393,557601.2
Georgia,  Disposable personal income,500696.2,7.4,395101.8,416457.9,441209.7,466143.8,500696.2
Georgia,  Personal consumption expenditures,410296,-1.3,361907.9,380240.9,400575.6,415665.1,410296
Georgia,Real per capita dollar statistics (constant 2012 dollars),,,,,,,
Georgia,  Real per capita personal income 4/,49392,5.4,43396,44530,45592,46866,49392
Georgia,  Real per capita PCE 5/,36295,-3.5,35297,36014,36963,37596,36295
Georgia,Per capita current dollar statistics,,,,,,,
Georgia,  Per capita personal income 6/,51987,5.9,43033,44993,46855,49083,51987
Georgia,  Per capita disposable personal income 7/,46681,6.6,38292,39935,41890,43798,46681
Georgia,  Per capita personal consumption expenditures (PCE) 8/,38253,-2.1,35075,36462,38032,39055,38253
Georgia,Price indexes,,,,,,,
Georgia,  Regional price parities (RPPs) 9/,94.541,-0.3,95.503,95.606,95.137,94.836,94.541
Georgia,  Implicit regional price deflator 10/,105.153,0.9,99.465,101.391,103.05,104.246,105.153
Georgia,Employment,,,,,,,
Georgia,  Total employment (number of jobs),6326942,-1.1,5973742,6128050,6287353,6399395,6326942
Hawaii,Real dollar statistics,,,,,,,
Hawaii,  Real GDP (millions of chained 2012 dollars) 1/,70109.4,-11.5,77303.9,78947.4,79845.3,79213.4,70109.4
Hawaii,  Real personal income (millions of constant (2012) dollars) 2/,66458.6,3.4,62241.1,63955.9,64063.7,64277.4,66458.6
Hawaii,  Real PCE (millions of constant (2012) dollars) 3/,50923.3,-7,51013.8,52394.7,54071.2,54728.8,50923.3
Hawaii,Current dollar statistics (millions of dollars),,,,,,,
Hawaii,  Gross domestic product (GDP),82535.5,-10.2,83914.4,87217.4,90330.8,91912.7,82535.5
Hawaii,  Personal income,83109.5,4.3,71571.7,74542.8,76168.3,79699.7,83109.5
Hawaii,  Disposable personal income,74141.3,4.5,63642.5,66326.1,68041.7,70982.4,74141.3
Hawaii,  Personal consumption expenditures,64031.5,-4.4,58783.7,61184.9,64529.5,66957.1,64031.5
Hawaii,Real per capita dollar statistics (constant 2012 dollars),,,,,,,
Hawaii,  Real per capita personal income 4/,47234,4,43559,44857,45017,45406,47234
Hawaii,  Real per capita PCE 5/,36193,-6.4,35702,36749,37995,38661,36193
Hawaii,Per capita current dollar statistics,,,,,,,
Hawaii,  Per capita personal income 6/,57241,4.6,49122,51114,52164,54700,57241
Hawaii,  Per capita disposable personal income 7/,51065,4.8,43680,45480,46598,48717,51065
Hawaii,  Per capita personal consumption expenditures (PCE) 8/,44102,-4,40346,41955,44193,45954,44102
Hawaii,Price indexes,,,,,,,
Hawaii,  Regional price parities (RPPs) 9/,111.985,0.6,110.641,110.03,110.022,111.333,111.985
Hawaii,  Implicit regional price deflator 10/,124.555,1.8,115.231,116.689,119.174,122.38,124.555
Hawaii,Employment,,,,,,,
Hawaii,  Total employment (number of jobs),817748,-10.5,914893,921123,924355,914163,817748
Idaho,Real dollar statistics,,,,,,,
Idaho,  Real GDP (millions of chained 2012 dollars) 1/,75145.5,1.3,65479,66941,70857.3,74162.6,75145.5
Idaho,  Real personal income (millions of constant (2012) dollars) 2/,88085.7,9.8,70498.7,71766.1,77377.6,80254.7,88085.7
Idaho,  Real PCE (millions of constant (2012) dollars) 3/,63865.6,2,55554.7,56948.8,61801.5,62634.6,63865.6
Idaho,Current dollar statistics (millions of dollars),,,,,,,
Idaho,  Gross domestic product (GDP),85927.8,3.7,68837.4,71730.3,77395.4,82847.2,85927.8
Idaho,  Personal income,91448.5,10.1,68009.3,71888.4,76435.2,83031.5,91448.5
Idaho,  Disposable personal income,82766.5,10.8,61042.4,64594.3,69023.2,74704.8,82766.5
Idaho,  Personal consumption expenditures,65101,1.8,53704.8,57312,61370.1,63939.8,65101
Idaho,Real per capita dollar statistics (constant 2012 dollars),,,,,,,
Idaho,  Real per capita personal income 4/,48216,7.5,41863,41731,44163,44859,48216
Idaho,  Real per capita PCE 5/,34958,-0.1,32989,33115,35273,35010,34958
Idaho,Per capita current dollar statistics,,,,,,,
Idaho,  Per capita personal income 6/,49491,7.8,40098,41457,43217,45924,49491
Idaho,  Per capita disposable personal income 7/,44793,8.4,35990,37251,39026,41318,44793
Idaho,  Per capita personal consumption expenditures (PCE) 8/,35232,-0.4,31664,33051,34699,35364,35232
Idaho,Price indexes,,,,,,,
Idaho,  Regional price parities (RPPs) 9/,91.196,-1.9,92.82,94.908,91.685,92.937,91.196
Idaho,  Implicit regional price deflator 10/,101.433,-0.7,96.67,100.651,99.312,102.158,101.433
Idaho,Employment,,,,,,,
Idaho,  Total employment (number of jobs),1078122,1.3,976741,1007791,1041251,1064118,1078122
Illinois,Real dollar statistics,,,,,,,
Illinois,  Real GDP (millions of chained 2012 dollars) 1/,734385,-5.4,749333.5,753027,771695.5,775998.1,734385
Illinois,  Real personal income (millions of constant (2012) dollars) 2/,710967,3.9,649493,652105.3,669246,684117.4,710967
Illinois,  Real PCE (millions of constant (2012) dollars) 3/,495383.1,-5.4,498923.9,502801,513045,523706.7,495383.1
Illinois,Current dollar statistics (millions of dollars),,,,,,,
Illinois,  Gross domestic product (GDP),856942.9,-3.7,807043.2,824913.4,865661,889540.1,856942.9
Illinois,  Personal income,794459.5,5.8,673691,692895.9,728667,750935.6,794459.5
Illinois,  Disposable personal income,701883.3,6.3,589506.4,608991.4,641068.5,660583.9,701883.3
Illinois,  Personal consumption expenditures,556286.1,-2.9,518592.3,535515.6,559137.3,573085.1,556286.1
Illinois,Real per capita dollar statistics (constant 2012 dollars),,,,,,,
Illinois,  Real per capita personal income 4/,56482,4.6,50656,51026,52594,54008,56482
Illinois,  Real per capita PCE 5/,39355,-4.8,38912,39343,40319,41344,39355
Illinois,Per capita current dollar statistics,,,,,,,
Illinois,  Per capita personal income 6/,62139,6.3,52036,53611,56536,58438,62139
Illinois,  Per capita disposable personal income 7/,54898,6.8,45533,47119,49739,51407,54898
Illinois,  Per capita personal consumption expenditures (PCE) 8/,43510,-2.4,40056,41434,43382,44598,43510
Illinois,Price indexes,,,,,,,
Illinois,  Regional price parities (RPPs) 9/,100.476,0.7,99.802,100.488,100.692,99.762,100.476
Illinois,  Implicit regional price deflator 10/,111.754,1.9,103.942,106.569,109.067,109.661,111.754
Illinois,Employment,,,,,,,
Illinois,  Total employment (number of jobs),7519502,-4.3,7804669,7823093,7880587,7859703,7519502
Indiana,Real dollar statistics,,,,,,,
Indiana,  Real GDP (millions of chained 2012 dollars) 1/,327277.9,-3.1,319601.5,324997.6,336327.1,337902.2,327277.9
Indiana,  Real personal income (millions of constant (2012) dollars) 2/,341961.9,6.3,303410.1,311373.8,314077,321626.7,341961.9
Indiana,  Real PCE (millions of constant (2012) dollars) 3/,250130.6,-1.2,239991.2,249527.6,251086.1,253292.3,250130.6
Indiana,Current dollar statistics (millions of dollars),,,,,,,
Indiana,  Gross domestic product (GDP),373781.6,-1.9,340500.7,352601,373196.8,381132.3,373781.6
Indiana,  Personal income,354337.7,7.5,290604.4,300964.6,315740.4,329625,354337.7
Indiana,  Disposable personal income,319874.5,7.7,260101.2,270847.3,286225,297118.3,319874.5
Indiana,  Personal consumption expenditures,258617.9,-0.4,230341.9,242203.1,253695.8,259729.3,258617.9
Indiana,Real per capita dollar statistics (constant 2012 dollars),,,,,,,
Indiana,  Real per capita personal income 4/,50624,5.9,45709,46738,46888,47783,50624
Indiana,  Real per capita PCE 5/,37029,-1.6,36155,37455,37484,37631,37029
Indiana,Per capita current dollar statistics,,,,,,,
Indiana,  Per capita personal income 6/,52219,7.1,43645,45015,46945,48749,52219
Indiana,  Per capita disposable personal income 7/,47140,7.3,39064,40510,42557,43941,47140
Indiana,  Per capita personal consumption expenditures (PCE) 8/,38113,-0.8,34594,36226,37720,38412,38113
Indiana,Price indexes,,,,,,,
Indiana,  Regional price parities (RPPs) 9/,92.501,-1,92.156,91.559,93.315,93.426,92.501
Indiana,  Implicit regional price deflator 10/,102.883,0.2,95.979,97.1,101.078,102.696,102.883
Indiana,Employment,,,,,,,
Indiana,  Total employment (number of jobs),3843507,-3.2,3847508,3903417,3963442,3970076,3843507
Iowa,Real dollar statistics,,,,,,,
Iowa,  Real GDP (millions of chained 2012 dollars) 1/,170957.4,-1.6,170389.1,170887.5,173547.7,173722,170957.4
Iowa,  Real personal income (millions of constant (2012) dollars) 2/,167572.1,5.8,155385.6,157894.4,157643.9,158400.2,167572.1
Iowa,  Real PCE (millions of constant (2012) dollars) 3/,117417.6,-2.7,118522.7,121372.9,120333.8,120650,117417.6
Iowa,Current dollar statistics (millions of dollars),,,,,,,
Iowa,  Gross domestic product (GDP),196982.9,0.7,181011.4,184561.3,191516.6,195708.7,196982.9
Iowa,  Personal income,169994.2,6,145790,149420.3,155916.4,160360.6,169994.2
Iowa,  Disposable personal income,153817.1,6.7,130209,133672.6,140434,144102,153817.1
Iowa,  Personal consumption expenditures,119315.3,-1.9,111435.6,115188.2,119344,121665.5,119315.3
Iowa,Real per capita dollar statistics (constant 2012 dollars),,,,,,,
Iowa,  Real per capita personal income 4/,52969,5.7,49593,50225,50047,50133,52969
Iowa,  Real per capita PCE 5/,37116,-2.8,37828,38608,38202,38185,37116
Iowa,Per capita current dollar statistics,,,,,,,
Iowa,  Per capita personal income 6/,53312,5.8,46291,47246,49163,50367,53312
Iowa,  Per capita disposable personal income 7/,48239,6.6,41344,42266,44281,45261,48239
Iowa,  Per capita personal consumption expenditures (PCE) 8/,37419,-2.1,35383,36422,37631,38214,37419
Iowa,Price indexes,,,,,,,
Iowa,  Regional price parities (RPPs) 9/,91.047,-0.9,90.276,89.516,91.596,91.871,91.047
Iowa,  Implicit regional price deflator 10/,101.266,0.3,94.021,94.933,99.216,100.986,101.266
Iowa,Employment,,,,,,,
Iowa,  Total employment (number of jobs),2010409,-2.9,2066677,2061851,2076092,2071092,2010409
Kansas,Real dollar statistics,,,,,,,
Kansas,  Real GDP (millions of chained 2012 dollars) 1/,158348.3,-0.9,153695.3,155514.7,158734.4,159826.2,158348.3
Kansas,  Real personal income (millions of constant (2012) dollars) 2/,159598.1,5.2,143913.7,146478.9,148098.7,151688.7,159598.1
Kansas,  Real PCE (millions of constant (2012) dollars) 3/,110175.9,-1.7,107598.3,109693.1,110579.5,112138,110175.9
Kansas,Current dollar statistics (millions of dollars),,,,,,,
Kansas,  Gross domestic product (GDP),177580.9,0.6,160451,165182.5,172343,176564.4,177580.9
Kansas,  Personal income,164333.6,5.9,138533.9,142421.6,148523.2,155125.9,164333.6
Kansas,  Disposable personal income,148056.5,6.4,124328,127901.8,133356,139128.9,148056.5
Kansas,  Personal consumption expenditures,113475.7,-0.9,103792.2,107092.2,111416.1,114529,113475.7
Kansas,Real per capita dollar statistics (constant 2012 dollars),,,,,,,
Kansas,  Real per capita personal income 4/,54773,5.2,49404,50321,50845,52080,54773
Kansas,  Real per capita PCE 5/,37812,-1.8,36938,37684,37964,38501,37812
Kansas,Per capita current dollar statistics,,,,,,,
Kansas,  Per capita personal income 6/,55974,5.9,47326,48651,50663,52876,55974
Kansas,  Per capita disposable personal income 7/,50430,6.3,42473,43691,45490,47424,50430
Kansas,  Per capita personal consumption expenditures (PCE) 8/,38651,-1,35457,36582,38006,39038,38651
Kansas,Price indexes,,,,,,,
Kansas,  Regional price parities (RPPs) 9/,92.364,-0.8,92.62,92.094,93.054,93.109,92.364
Kansas,  Implicit regional price deflator 10/,102.731,0.4,96.463,97.666,100.795,102.348,102.731
Kansas,Employment,,,,,,,
Kansas,  Total employment (number of jobs),1879086,-2.4,1916152,1913449,1925615,1924539,1879086
Kentucky,Real dollar statistics,,,,,,,
Kentucky,  Real GDP (millions of chained 2012 dollars) 1/,188396.3,-2.4,184115,185920.6,187926.6,192971.9,188396.3
Kentucky,  Real personal income (millions of constant (2012) dollars) 2/,212898.1,7.1,188248.4,191178,194649.3,198812.7,212898.1
Kentucky,  Real PCE (millions of constant (2012) dollars) 3/,163987.4,-1.8,157500.4,161144.4,165798.7,167031.2,163987.4
Kentucky,Current dollar statistics (millions of dollars),,,,,,,
Kentucky,  Gross domestic product (GDP),216865.6,-0.7,196484.9,201872.2,208558.6,218494.7,216865.6
Kentucky,  Personal income,214052.5,8.5,177190.6,182391.5,188348.3,197356,214052.5
Kentucky,  Disposable personal income,194013.6,9.4,158203.4,163348.8,169409.4,177348.6,194013.6
Kentucky,  Personal consumption expenditures,164142.1,-0.4,148558.2,154102.3,160739.5,164781.9,164142.1
Kentucky,Real per capita dollar statistics (constant 2012 dollars),,,,,,,
Kentucky,  Real per capita personal income 4/,47551,7,42395,42907,43602,44454,47551
Kentucky,  Real per capita PCE 5/,36627,-1.9,35471,36167,37139,37348,36627
Kentucky,Per capita current dollar statistics,,,,,,,
Kentucky,  Per capita personal income 6/,47525,8.3,39750,40751,41974,43875,47525
Kentucky,  Per capita disposable personal income 7/,43076,9.3,35491,36497,37754,39427,43076
Kentucky,  Per capita personal consumption expenditures (PCE) 8/,36444,-0.5,33327,34431,35822,36633,36444
Kentucky,Price indexes,,,,,,,
Kentucky,  Regional price parities (RPPs) 9/,89.778,-0.2,90.565,90.211,89.53,89.969,89.778
Kentucky,  Implicit regional price deflator 10/,99.855,1,94.322,95.67,96.978,98.895,99.855
Kentucky,Employment,,,,,,,
Kentucky,  Total employment (number of jobs),2472056,-3.1,2498658,2519975,2545574,2550230,2472056
Louisiana,Real dollar statistics,,,,,,,
Louisiana,  Real GDP (millions of chained 2012 dollars) 1/,218421.7,-7.9,228428.5,233351.7,237298.3,237044.6,218421.7
Louisiana,  Real personal income (millions of constant (2012) dollars) 2/,229864.6,4.3,203909.5,208489.7,216358.7,220425.5,229864.6
Louisiana,  Real PCE (millions of constant (2012) dollars) 3/,168266.1,-3.8,163217.7,166807.5,172055,174896.2,168266.1
Louisiana,Current dollar statistics (millions of dollars),,,,,,,
Louisiana,  Gross domestic product (GDP),232527.8,-9,227090.7,241213.4,256677.8,255481.9,232527.8
Louisiana,  Personal income,236324.2,6.3,200190.6,206121.5,215086.4,222349.1,236324.2
Louisiana,  Disposable personal income,217041.9,6.9,181555.9,187879.7,197083.6,203033.3,217041.9
Louisiana,  Personal consumption expenditures,173900,-1.2,160575.5,165317.6,171413,176015.7,173900
Louisiana,Real per capita dollar statistics (constant 2012 dollars),,,,,,,
Louisiana,  Real per capita personal income 4/,49483,4.6,43558,44609,46385,47319,49483
Louisiana,  Real per capita PCE 5/,36223,-3.5,34866,35691,36886,37545,36223
Louisiana,Per capita current dollar statistics,,,,,,,
Louisiana,  Per capita personal income 6/,50809,6.6,42725,44056,46057,47668,50809
Louisiana,  Per capita disposable personal income 7/,46664,7.2,38748,40157,42202,43527,46664
Louisiana,  Per capita personal consumption expenditures (PCE) 8/,37388,-0.9,34270,35335,36705,37735,37388
Louisiana,Price indexes,,,,,,,
Louisiana,  Regional price parities (RPPs) 9/,92.716,1,94.462,93.476,91.985,91.819,92.716
Louisiana,  Implicit regional price deflator 10/,103.123,2.2,98.381,99.133,99.637,100.929,103.123
Louisiana,Employment,,,,,,,
Louisiana,  Total employment (number of jobs),2593066,-4.6,2691382,2692658,2725149,2717896,2593066
Maine,Real dollar statistics,,,,,,,
Maine,  Real GDP (millions of chained 2012 dollars) 1/,59881.4,0.6,55565.4,56469.4,58099.9,59553.4,59881.4
Maine,  Real personal income (millions of constant (2012) dollars) 2/,68204.3,6.4,60827.6,61113.2,62338,64094.6,68204.3
Maine,  Real PCE (millions of constant (2012) dollars) 3/,56785.8,-3.1,55526.2,56247.1,57394,58577.7,56785.8
Maine,Current dollar statistics (millions of dollars),,,,,,,
Maine,  Gross domestic product (GDP),70740,3,60254.4,62253.6,65477.1,68690.4,70740
Maine,  Personal income,74805.9,8.6,59959.2,62372.1,65015.1,68863,74805.9
Maine,  Disposable personal income,67597,9.4,53534.5,55967,58648.7,61769.3,67597
Maine,  Personal consumption expenditures,61370.5,-1,54847.8,57573.9,60063.3,62018.3,61370.5
Maine,Real per capita dollar statistics (constant 2012 dollars),,,,,,,
Maine,  Real per capita personal income 4/,50516,6.1,45654,45752,46517,47627,50516
Maine,  Real per capita PCE 5/,42059,-3.4,41675,42109,42827,43527,42059
Maine,Per capita current dollar statistics,,,,,,,
Maine,  Per capita personal income 6/,54912,8.2,44740,46378,48141,50728,54912
Maine,  Per capita disposable personal income 7/,49620,9,39946,41616,43427,45503,49620
Maine,  Per capita personal consumption expenditures (PCE) 8/,45050,-1.4,40926,42811,44474,45686,45050
Maine,Price indexes,,,,,,,
Maine,  Regional price parities (RPPs) 9/,96.776,0.3,94.844,96.547,96.65,96.491,96.776
Maine,  Implicit regional price deflator 10/,107.639,1.5,98.778,102.39,104.69,106.065,107.639
Maine,Employment,,,,,,,
Maine,  Total employment (number of jobs),813207,-3.5,826727,834228,843772,842473,813207
Maryland,Real dollar statistics,,,,,,,
Maryland,  Real GDP (millions of chained 2012 dollars) 1/,352384,-4.3,360082,366204.4,367977.4,368056.4,352384
Maryland,  Real personal income (millions of constant (2012) dollars) 2/,342623,3.3,315507.7,320569.2,324781.7,331591.6,342623
Maryland,  Real PCE (millions of constant (2012) dollars) 3/,226691.9,-7,229551.2,233306.9,238565,243713.4,226691.9
Maryland,Current dollar statistics (millions of dollars),,,,,,,
Maryland,  Gross domestic product (GDP),410931,-2.2,387733.4,400157,410812.2,420371.3,410931
Maryland,  Personal income,405454.6,5.6,350384.4,361606.2,371870.3,384074.3,405454.6
Maryland,  Disposable personal income,352071.7,6.5,302647.6,313105.4,322539.4,330521.5,352071.7
Maryland,  Personal consumption expenditures,269486.2,-3.8,255458.3,263787.1,273782.2,280092.2,269486.2
Maryland,Real per capita dollar statistics (constant 2012 dollars),,,,,,,
Maryland,  Real per capita personal income 4/,56578,3.3,52523,53178,53753,54764,56578
Maryland,  Real per capita PCE 5/,37434,-7,38214,38703,39483,40250,37434
Maryland,Per capita current dollar statistics,,,,,,,
Maryland,  Per capita personal income 6/,65685,5.4,57632,59155,60577,62313,65685
Maryland,  Per capita disposable personal income 7/,57037,6.4,49780,51221,52541,53625,57037
Maryland,  Per capita personal consumption expenditures (PCE) 8/,43658,-3.9,42018,43153,44599,45443,43658
Maryland,Price indexes,,,,,,,
Maryland,  Regional price parities (RPPs) 9/,106.472,1.6,106.853,106.662,106.025,104.833,106.472
Maryland,  Implicit regional price deflator 10/,118.424,2.8,111.286,113.116,114.845,115.234,118.424
Maryland,Employment,,,,,,,
Maryland,  Total employment (number of jobs),3620521,-3.3,3659061,3696747,3751407,3743604,3620521
Massachusetts,Real dollar statistics,,,,,,,
Massachusetts,  Real GDP (millions of chained 2012 dollars) 1/,500001,-2.8,475349,482808.4,501541.5,514170.8,500001
Massachusetts,  Real personal income (millions of constant (2012) dollars) 2/,453961.5,4.9,397805.5,412545.2,421222.1,432902,453961.5
Massachusetts,  Real PCE (millions of constant (2012) dollars) 3/,299971.2,-6.9,302062.6,311443.1,315306.1,322045.8,299971.2
Massachusetts,Current dollar statistics (millions of dollars),,,,,,,
Massachusetts,  Gross domestic product (GDP),585150.3,-0.8,514637.6,531008,563054.3,589904.3,585150.3
Massachusetts,  Personal income,550459.5,7.2,444184.1,463980.9,487436.5,513710.4,550459.5
Massachusetts,  Disposable personal income,471696,8.3,375655.8,392566.5,414099.6,435624.1,471696
Massachusetts,  Personal consumption expenditures,360537.9,-4.2,337983,350641.3,364342.8,376243.6,360537.9
Massachusetts,Real per capita dollar statistics (constant 2012 dollars),,,,,,,
Massachusetts,  Real per capita personal income 4/,65853,4.9,58267,60107,61173,62786,65853
Massachusetts,  Real per capita PCE 5/,43515,-6.8,44243,45376,45791,46708,43515
Massachusetts,Per capita current dollar statistics,,,,,,,
Massachusetts,  Per capita personal income 6/,78388,7.1,64295,66679,69693,73213,78388
Massachusetts,  Per capita disposable personal income 7/,67172,8.2,54376,56416,59207,62085,67172
Massachusetts,  Per capita personal consumption expenditures (PCE) 8/,51342,-4.3,48923,50391,52093,53622,51342
Massachusetts,Price indexes,,,,,,,
Massachusetts,  Regional price parities (RPPs) 9/,107.442,0.7,107.435,106.209,106.791,106.663,107.442
Massachusetts,  Implicit regional price deflator 10/,119.502,1.9,111.892,112.636,115.675,117.246,119.502
Massachusetts,Employment,,,,,,,
Massachusetts,  Total employment (number of jobs),4600345,-5.6,4709797,4778252,4854641,4872989,4600345
Michigan,Real dollar statistics,,,,,,,
Michigan,  Real GDP (millions of chained 2012 dollars) 1/,448455.3,-4,452325.2,457614,466559.4,467107,448455.3
Michigan,  Real personal income (millions of constant (2012) dollars) 2/,508997.4,8,458546.2,468503.4,467791,471493.6,508997.4
Michigan,  Real PCE (millions of constant (2012) dollars) 3/,393269.4,-2.9,390155.6,401834.1,403540.7,405025.3,393269.4
Michigan,Current dollar statistics (millions of dollars),,,,,,,
Michigan,  Gross domestic product (GDP),520105.3,-2.3,490264,502130.4,520245.1,532217,520105.3
Michigan,  Personal income,537493.5,8.5,446030.2,459437.9,477925.4,495268.6,537493.5
Michigan,  Disposable personal income,484712.1,9.6,393954.6,407506,426252.5,442127.6,484712.1
Michigan,  Personal consumption expenditures,411989.1,-2.4,380298.5,394195.6,411741,422231.1,411989.1
Michigan,Real per capita dollar statistics (constant 2012 dollars),,,,,,,
Michigan,  Real per capita personal income 4/,51071,8.2,46066,46960,46839,47221,51071
Michigan,  Real per capita PCE 5/,39459,-2.7,39195,40277,40405,40564,39459
Michigan,Per capita current dollar statistics,,,,,,,
Michigan,  Per capita personal income 6/,53388,8.6,44527,45716,47457,49142,53388
Michigan,  Per capita disposable personal income 7/,48145,9.7,39329,40548,42326,43870,48145
Michigan,  Per capita personal consumption expenditures (PCE) 8/,40922,-2.3,37965,39224,40885,41895,40922
Michigan,Price indexes,,,,,,,
Michigan,  Regional price parities (RPPs) 9/,94.045,-1.1,93.591,92.546,94.236,95.111,94.045
Michigan,  Implicit regional price deflator 10/,104.601,0.1,97.474,98.147,102.075,104.548,104.601
Michigan,Employment,,,,,,,
Michigan,  Total employment (number of jobs),5388167,-5.7,5575782,5631131,5715006,5713882,5388167
Minnesota,Real dollar statistics,,,,,,,
Minnesota,  Real GDP (millions of chained 2012 dollars) 1/,328489.5,-3.5,324030.3,327483.2,336892.2,340557.1,328489.5
Minnesota,  Real personal income (millions of constant (2012) dollars) 2/,320748.9,5.4,289275.2,297757.7,297381.8,304386.2,320748.9
Minnesota,  Real PCE (millions of constant (2012) dollars) 3/,229001.5,-5.4,228832.9,236801.3,236893.4,241972,229001.5
Minnesota,Current dollar statistics (millions of dollars),,,,,,,
Minnesota,  Gross domestic product (GDP),376814.4,-1.9,344060.8,353664.9,372011.3,383956.6,376814.4
Minnesota,  Personal income,355211.2,6.7,292234.9,304179.5,319452.6,332916,355211.2
Minnesota,  Disposable personal income,311082.3,7.4,251687.9,263217.1,277976.1,289634.7,311082.3
Minnesota,  Personal consumption expenditures,252088,-3.6,231656.7,242602.3,254964.5,261626.8,252088
Minnesota,Real per capita dollar statistics (constant 2012 dollars),,,,,,,
Minnesota,  Real per capita personal income 4/,56696,5.1,52354,53464,53021,53969,56696
Minnesota,  Real per capita PCE 5/,40479,-5.6,41415,42519,42236,42902,40479
Minnesota,Per capita current dollar statistics,,,,,,,
Minnesota,  Per capita personal income 6/,62240,6.3,52596,54266,56539,58543,62240
Minnesota,  Per capita disposable personal income 7/,54507,7,45298,46958,49198,50932,54507
Minnesota,  Per capita personal consumption expenditures (PCE) 8/,44170,-4,41693,43280,45125,46007,44170
Minnesota,Price indexes,,,,,,,
Minnesota,  Regional price parities (RPPs) 9/,98.625,0,97.202,96.643,99.437,98.67,98.625
Minnesota,  Implicit regional price deflator 10/,109.696,1.1,101.234,102.491,107.708,108.46,109.696
Minnesota,Employment,,,,,,,
Minnesota,  Total employment (number of jobs),3608149,-4.6,3698063,3735645,3776796,3783623,3608149
Mississippi,Real dollar statistics,,,,,,,
Mississippi,  Real GDP (millions of chained 2012 dollars) 1/,100526.9,-0.5,101255.3,101245.3,100872.7,100982.8,100526.9
Mississippi,  Real personal income (millions of constant (2012) dollars) 2/,128412.9,6.1,116002.2,118075.9,119720,121041.6,128412.9
Mississippi,  Real PCE (millions of constant (2012) dollars) 3/,98330.7,-1.9,96302,97865.6,100365.2,100251.4,98330.7
Mississippi,Current dollar statistics (millions of dollars),,,,,,,
Mississippi,  Gross domestic product (GDP),115123.4,0.8,107291.4,109600.8,112201.7,114234.4,115123.4
Mississippi,  Personal income,126306.9,7.9,107499.5,110093.1,112739,117112.8,126306.9
Mississippi,  Disposable personal income,117059.7,8.3,98489.1,101328.7,104276.1,108077.9,117059.7
Mississippi,  Personal consumption expenditures,96324.6,-0.2,89429.6,91438.6,94757.2,96481.6,96324.6
Mississippi,Real per capita dollar statistics (constant 2012 dollars),,,,,,,
Mississippi,  Real per capita personal income 4/,43284,6.5,38789,39481,40136,40642,43284
Mississippi,  Real per capita PCE 5/,33144,-1.5,32202,32724,33647,33661,33144
Mississippi,Per capita current dollar statistics,,,,,,,
Mississippi,  Per capita personal income 6/,42716,8.3,36021,36902,37900,39445,42716
Mississippi,  Per capita disposable personal income 7/,39589,8.8,33002,33964,35055,36402,39589
Mississippi,  Per capita personal consumption expenditures (PCE) 8/,32577,0.2,29967,30649,31855,32497,32577
Mississippi,Price indexes,,,,,,,
Mississippi,  Regional price parities (RPPs) 9/,87.775,0.2,89.165,88.134,87.185,87.6,87.775
Mississippi,  Implicit regional price deflator 10/,97.628,1.4,92.864,93.468,94.437,96.291,97.628
Mississippi,Employment,,,,,,,
Mississippi,  Total employment (number of jobs),1573592,-2.1,1581185,1592204,1602769,1607696,1573592
Missouri,Real dollar statistics,,,,,,,
Missouri,  Real GDP (millions of chained 2012 dollars) 1/,282754.1,-2.7,279109.2,281253.3,284540.3,290619.5,282754.1
Missouri,  Real personal income (millions of constant (2012) dollars) 2/,310064.8,5.3,281511.7,283553.3,289844.2,294590.9,310064.8
Missouri,  Real PCE (millions of constant (2012) dollars) 3/,239174.1,-3.1,235232,239834.9,244649.5,246736.8,239174.1
Missouri,Current dollar statistics (millions of dollars),,,,,,,
Missouri,  Gross domestic product (GDP),330249.9,-0.7,300914.5,308002.3,318153.5,332485.8,330249.9
Missouri,  Personal income,320698.2,6.5,270603.5,276573.9,288564.8,301030.7,320698.2
Missouri,  Disposable personal income,288990.1,7.1,240649.9,246850.2,258687.4,269718.6,288990.1
Missouri,  Personal consumption expenditures,246982.5,-1.8,226589.2,235073.2,244720.6,251601.3,246982.5
Missouri,Real per capita dollar statistics (constant 2012 dollars),,,,,,,
Missouri,  Real per capita personal income 4/,50404,5.1,46215,46398,47314,47975,50404
Missouri,  Real per capita PCE 5/,38880,-3.2,38617,39244,39936,40182,38880
Missouri,Per capita current dollar statistics,,,,,,,
Missouri,  Per capita personal income 6/,52108,6.3,44410,45239,47085,49001,52108
Missouri,  Per capita disposable personal income 7/,46956,7,39494,40377,42210,43904,46956
Missouri,  Per capita personal consumption expenditures (PCE) 8/,40131,-2,37186,38450,39931,40955,40131
Missouri,Price indexes,,,,,,,
Missouri,  Regional price parities (RPPs) 9/,92.494,-0.5,92.489,92.466,92.394,92.986,92.494
Missouri,  Implicit regional price deflator 10/,102.876,0.6,96.326,98.062,100.08,102.212,102.876
Missouri,Employment,,,,,,,
Missouri,  Total employment (number of jobs),3693351,-2.3,3700557,3735912,3776639,3779850,3693351
Montana,Real dollar statistics,,,,,,,
Montana,  Real GDP (millions of chained 2012 dollars) 1/,46750.4,-0.3,44436.8,45974.3,46584.1,46886.2,46750.4
Montana,  Real personal income (millions of constant (2012) dollars) 2/,56248.7,8.3,47081.5,48269.9,51165.2,51922.3,56248.7
Montana,  Real PCE (millions of constant (2012) dollars) 3/,44465.6,1,40726.3,41254.8,44047.3,44026.7,44465.6
Montana,Current dollar statistics (millions of dollars),,,,,,,
Montana,  Gross domestic product (GDP),52355.8,0.8,45490.9,48533.9,50916.9,51925.4,52355.8
Montana,  Personal income,58769.6,8.7,46074.1,48704.8,50780.1,54083.5,58769.6
Montana,  Disposable personal income,52805.3,9.3,41138.1,43586.7,45615.1,48317.1,52805.3
Montana,  Personal consumption expenditures,46022,1.2,39938.1,41772.8,43983.6,45496.2,46022
Montana,Real per capita dollar statistics (constant 2012 dollars),,,,,,,
Montana,  Real per capita personal income 4/,52054,7.3,45178,45803,48186,48520,52054
Montana,  Real per capita PCE 5/,41150,0,39080,39146,41483,41142,41150
Montana,Per capita current dollar statistics,,,,,,,
Montana,  Per capita personal income 6/,54106,7.6,44063,46036,47612,50289,54106
Montana,  Per capita disposable personal income 7/,48615,8.2,39342,41198,42769,44927,48615
Montana,  Per capita personal consumption expenditures (PCE) 8/,42370,0.2,38195,39483,41239,42304,42370
Montana,Price indexes,,,,,,,
Montana,  Regional price parities (RPPs) 9/,92.443,-1.8,94.159,95.501,92.201,94.11,92.443
Montana,  Implicit regional price deflator 10/,102.82,-0.6,98.065,101.28,99.87,103.448,102.82
Montana,Employment,,,,,,,
Montana,  Total employment (number of jobs),684333,-0.3,667769,674401,684016,686459,684333
Nebraska,Real dollar statistics,,,,,,,
Nebraska,  Real GDP (millions of chained 2012 dollars) 1/,118141.5,-0.4,112611.5,114143.9,116792.9,118603.7,118141.5
Nebraska,  Real personal income (millions of constant (2012) dollars) 2/,108291.2,6.2,99551.4,101040.4,100840.3,101924.8,108291.2
Nebraska,  Real PCE (millions of constant (2012) dollars) 3/,77154.8,-1.8,76230.8,78368.5,78181.1,78606,77154.8
Nebraska,Current dollar statistics (millions of dollars),,,,,,,
Nebraska,  Gross domestic product (GDP),134580.8,2.1,118145.9,121726.6,127015.5,131866.9,134580.8
Nebraska,  Personal income,112629.7,6.3,94838,96996.2,100995.1,105922.2,112629.7
Nebraska,  Disposable personal income,101869,6.8,84935.6,87105.2,91184.7,95358.1,101869
Nebraska,  Personal consumption expenditures,80058.2,-0.6,72773.2,75468.6,78604,80567.6,80058.2
Nebraska,Real per capita dollar statistics (constant 2012 dollars),,,,,,,
Nebraska,  Real per capita personal income 4/,55891,6,52217,52708,52371,52741,55891
Nebraska,  Real per capita PCE 5/,39821,-2.1,39985,40881,40603,40674,39821
Nebraska,Per capita current dollar statistics,,,,,,,
Nebraska,  Per capita personal income 6/,57421,6,49360,50144,51916,54182,57421
Nebraska,  Per capita disposable personal income 7/,51935,6.5,44206,45031,46873,48778,51935
Nebraska,  Per capita personal consumption expenditures (PCE) 8/,40816,-1,37876,39015,40406,41213,40816
Nebraska,Price indexes,,,,,,,
Nebraska,  Regional price parities (RPPs) 9/,92.89,-0.5,91.662,90.838,92.852,93.383,92.89
Nebraska,  Implicit regional price deflator 10/,103.317,0.7,95.464,96.335,100.576,102.649,103.317
Nebraska,Employment,,,,,,,
Nebraska,  Total employment (number of jobs),1305987,-1.7,1310917,1317728,1330189,1328812,1305987
Nevada,Real dollar statistics,,,,,,,
Nevada,  Real GDP (millions of chained 2012 dollars) 1/,146492.5,-6.7,140081.2,145485.5,150448,156959.1,146492.5
Nevada,  Real personal income (millions of constant (2012) dollars) 2/,156644.1,7,130456.3,132513,143656.8,146446.6,156644.1
Nevada,  Real PCE (millions of constant (2012) dollars) 3/,113990.9,-1.6,105361.6,106384.4,114966.7,115824.5,113990.9
Nevada,Current dollar statistics (millions of dollars),,,,,,,
Nevada,  Gross domestic product (GDP),172562.6,-5.3,151840.4,160653.1,170257.6,182186.3,172562.6
Nevada,  Personal income,172538.5,6.9,132058.4,140347.5,149611.8,161433.6,172538.5
Nevada,  Disposable personal income,156436.5,7.5,117465.4,125702.6,134102.3,145491,156436.5
Nevada,  Personal consumption expenditures,124030.6,-1.3,106878.1,113091,120099.8,125722.2,124030.6
Nevada,Real per capita dollar statistics (constant 2012 dollars),,,,,,,
Nevada,  Real per capita personal income 4/,49914,5.3,44684,44586,47400,47382,49914
Nevada,  Real per capita PCE 5/,36323,-3.1,36088,35794,37934,37474,36323
Nevada,Per capita current dollar statistics,,,,,,,
Nevada,  Per capita personal income 6/,55406,5.3,45450,47485,49678,52602,55406
Nevada,  Per capita disposable personal income 7/,50235,6,40427,42530,44528,47408,50235
Nevada,  Per capita personal consumption expenditures (PCE) 8/,39829,-2.8,36783,38263,39879,40966,39829
Nevada,Price indexes,,,,,,,
Nevada,  Regional price parities (RPPs) 9/,97.056,-1.9,97.399,100.221,96.468,98.909,97.056
Nevada,  Implicit regional price deflator 10/,107.951,-0.7,101.439,106.286,104.493,108.722,107.951
Nevada,Employment,,,,,,,
Nevada,  Total employment (number of jobs),1770936,-6,1724741,1780628,1848916,1884215,1770936
New Hampshire,Real dollar statistics,,,,,,,
New Hampshire,  Real GDP (millions of chained 2012 dollars) 1/,75927.6,-1.2,73572.2,73972.7,75433,76819.1,75927.6
New Hampshire,  Real personal income (millions of constant (2012) dollars) 2/,79711.7,4.2,70119.3,72006.6,74622.4,76528.2,79711.7
New Hampshire,  Real PCE (millions of constant (2012) dollars) 3/,61305.9,-3.3,58562.7,60155.9,62254.8,63389.3,61305.9
New Hampshire,Current dollar statistics (millions of dollars),,,,,,,
New Hampshire,  Gross domestic product (GDP),88337.7,1.1,79090.1,80598,83869.8,87338.2,88337.7
New Hampshire,  Personal income,94440.8,6.3,76092.3,79312.5,83026,88822.8,94440.8
New Hampshire,  Disposable personal income,85335.7,6.8,67833.4,71013.4,74823.3,79876.1,85335.7
New Hampshire,  Personal consumption expenditures,71131.4,-1,63683.9,66455.7,69494.4,71883,71131.4
New Hampshire,Real per capita dollar statistics (constant 2012 dollars),,,,,,,
New Hampshire,  Real per capita personal income 4/,58342,3.7,52184,53323,55069,56238,58342
New Hampshire,  Real per capita PCE 5/,44871,-3.7,43583,44547,45942,46583,44871
New Hampshire,Per capita current dollar statistics,,,,,,,
New Hampshire,  Per capita personal income 6/,68542,5.9,56321,58362,60831,64747,68542
New Hampshire,  Per capita disposable personal income 7/,61934,6.4,50208,52255,54821,58226,61934
New Hampshire,  Per capita personal consumption expenditures (PCE) 8/,51625,-1.5,47136,48901,50916,52399,51625
New Hampshire,Price indexes,,,,,,,
New Hampshire,  Regional price parities (RPPs) 9/,103.713,0.3,104.413,104.205,103.105,103.374,103.713
New Hampshire,  Implicit regional price deflator 10/,115.354,1.5,108.745,110.51,111.682,113.63,115.354
New Hampshire,Employment,,,,,,,
New Hampshire,  Total employment (number of jobs),858502,-3.6,873126,882493,892528,890110,858502
New Jersey,Real dollar statistics,,,,,,,
New Jersey,  Real GDP (millions of chained 2012 dollars) 1/,535323.7,-4.3,535055.3,537578.5,550059.5,559648.8,535323.7
New Jersey,  Real personal income (millions of constant (2012) dollars) 2/,529339.1,4,487674.6,495346.3,498357.4,508882.3,529339.1
New Jersey,  Real PCE (millions of constant (2012) dollars) 3/,360787.4,-4.1,363568.1,365593.7,369423.7,376167.5,360787.4
New Jersey,Current dollar statistics (millions of dollars),,,,,,,
New Jersey,  Gross domestic product (GDP),620085.9,-2.8,575501,587421,614106.5,637630.4,620085.9
New Jersey,  Personal income,663544.1,4.7,552051.4,573105.5,598428.7,633651,663544.1
New Jersey,  Disposable personal income,579483.8,5.4,475056.9,494469.7,519247.7,549843.3,579483.8
New Jersey,  Personal consumption expenditures,447693.8,-2.1,412421,423288.3,443243.8,457257.1,447693.8
New Jersey,Real per capita dollar statistics (constant 2012 dollars),,,,,,,
New Jersey,  Real per capita personal income 4/,59594,4.1,54958,55731,56047,57234,59594
New Jersey,  Real per capita PCE 5/,40618,-4,40972,41133,41547,42308,40618
New Jersey,Per capita current dollar statistics,,,,,,,
New Jersey,  Per capita personal income 6/,71505,4.5,60533,62465,64914,68438,71505
New Jersey,  Per capita disposable personal income 7/,62446,5.2,52090,53894,56325,59386,62446
New Jersey,  Per capita personal consumption expenditures (PCE) 8/,48244,-2.3,45222,46135,48080,49386,48244
New Jersey,Price indexes,,,,,,,
New Jersey,  Regional price parities (RPPs) 9/,111.163,0.3,108.919,109.23,110.832,110.878,111.163
New Jersey,  Implicit regional price deflator 10/,123.64,1.4,113.437,115.84,120.052,121.879,123.64
New Jersey,Employment,,,,,,,
New Jersey,  Total employment (number of jobs),5319600,-4.5,5391249,5448782,5550060,5571414,5319600
New Mexico,Real dollar statistics,,,,,,,
New Mexico,  Real GDP (millions of chained 2012 dollars) 1/,92496.3,-2.5,89151.4,88962.9,90933.6,94897.4,92496.3
New Mexico,  Real personal income (millions of constant (2012) dollars) 2/,96125.9,8.6,83255.9,81919.2,87209.1,88543,96125.9
New Mexico,  Real PCE (millions of constant (2012) dollars) 3/,72931,-1.7,70501.1,70289.8,74962.3,74224.5,72931
New Mexico,Current dollar statistics (millions of dollars),,,,,,,
New Mexico,  Gross domestic product (GDP),98790,-3.2,89769.4,92273.6,97268,102027.5,98790
New Mexico,  Personal income,99018,7.8,81414.1,82903.6,86685.6,91853.6,99018
New Mexico,  Disposable personal income,91171.2,8.8,74139.2,75641.7,79425.9,83828.1,91171.2
New Mexico,  Personal consumption expenditures,74388.6,-1.9,69085.3,71250,74540.8,75837.8,74388.6
New Mexico,Real per capita dollar statistics (constant 2012 dollars),,,,,,,
New Mexico,  Real per capita personal income 4/,45637,8.2,39787,39143,41652,42171,45637
New Mexico,  Real per capita PCE 5/,34625,-2.1,33691,33586,35803,35351,34625
New Mexico,Per capita current dollar statistics,,,,,,,
New Mexico,  Per capita personal income 6/,46760,7.4,38775,39458,41218,43530,46760
New Mexico,  Per capita disposable personal income 7/,43055,8.4,35311,36002,37766,39726,43055
New Mexico,  Per capita personal consumption expenditures (PCE) 8/,35129,-2.3,32904,33912,35443,35940,35129
New Mexico,Price indexes,,,,,,,
New Mexico,  Regional price parities (RPPs) 9/,91.567,-1.8,94.089,95.598,91.8,93.198,91.567
New Mexico,  Implicit regional price deflator 10/,101.845,-0.6,97.992,101.383,99.436,102.445,101.845
New Mexico,Employment,,,,,,,
New Mexico,  Total employment (number of jobs),1069680,-4.2,1092519,1095406,1110504,1116979,1069680
New York,Real dollar statistics,,,,,,,
New York,  Real GDP (millions of chained 2012 dollars) 1/,1432507,-4.6,1403230.5,1419112.1,1458382.4,1500833.4,1432507
New York,  Real personal income (millions of constant (2012) dollars) 2/,1178311.4,3.9,1046174.3,1096131.3,1113849.3,1133613.9,1178311.4
New York,  Real PCE (millions of constant (2012) dollars) 3/,784533.7,-7,775750.7,795591.4,824755.5,843572.4,784533.7
New York,Current dollar statistics (millions of dollars),,,,,,,
New York,  Gross domestic product (GDP),1740804.7,-2.6,1551354.1,1604649.9,1697661.4,1787666,1740804.7
New York,  Personal income,1442624.6,5.9,1194534.6,1270251.6,1311427.5,1362298.6,1442624.6
New York,  Disposable personal income,1225726.1,7.2,1000852.5,1063603.3,1097649.2,1143542.4,1225726.1
New York,  Personal consumption expenditures,966027.5,-4.4,887610.6,925248.7,975658.7,1010359.1,966027.5
New York,Real per capita dollar statistics (constant 2012 dollars),,,,,,,
New York,  Real per capita personal income 4/,60936,4.6,53277,55943,56992,58244,60936
New York,  Real per capita PCE 5/,40572,-6.4,39506,40604,42200,43342,40572
New York,Per capita current dollar statistics,,,,,,,
New York,  Per capita personal income 6/,71577,6.3,59280,62913,64849,67366,71577
New York,  Per capita disposable personal income 7/,60815,7.5,49668,52678,54278,56549,60815
New York,  Per capita personal consumption expenditures (PCE) 8/,47930,-4.1,44048,45826,48246,49963,47930
New York,Price indexes,,,,,,,
New York,  Regional price parities (RPPs) 9/,110.212,0.7,109.862,109.755,109.346,109.463,110.212
New York,  Implicit regional price deflator 10/,122.583,1.9,114.42,116.396,118.442,120.324,122.583
New York,Employment,,,,,,,
New York,  Total employment (number of jobs),11872381,-6.9,12259136,12391366,12655225,12746559,11872381
North Carolina,Real dollar statistics,,,,,,,
North Carolina,  Real GDP (millions of chained 2012 dollars) 1/,506658.1,-1.2,482968.9,495221.3,501564.9,512834.8,506658.1
North Carolina,  Real personal income (millions of constant (2012) dollars) 2/,523633.4,5.8,441339.6,457117.6,471807,494939.8,523633.4
North Carolina,  Real PCE (millions of constant (2012) dollars) 3/,397413.9,-1.3,356882.4,370070.4,384712.8,402636.3,397413.9
North Carolina,Current dollar statistics (millions of dollars),,,,,,,
North Carolina,  Gross domestic product (GDP),598915.9,0.7,526029.8,548522.1,567836.2,594521,598915.9
North Carolina,  Personal income,542726.5,7.4,432626.2,453729.2,476308.7,505470.2,542726.5
North Carolina,  Disposable personal income,486060.2,8.1,382558.2,402890.3,424601,449691.4,486060.2
North Carolina,  Personal consumption expenditures,407610.3,0.2,350566.6,367513.6,388305.2,406984.1,407610.3
North Carolina,Real per capita dollar statistics (constant 2012 dollars),,,,,,,
North Carolina,  Real per capita personal income 4/,49396,4.8,43431,44485,45404,47131,49396
North Carolina,  Real per capita PCE 5/,37489,-2.2,35120,36014,37022,38341,37489
North Carolina,Per capita current dollar statistics,,,,,,,
North Carolina,  Per capita personal income 6/,51900,6.5,42936,44591,46352,48741,51900
North Carolina,  Per capita disposable personal income 7/,46481,7.2,37967,39595,41320,43362,46481
North Carolina,  Per capita personal consumption expenditures (PCE) 8/,38979,-0.7,34792,36118,37788,39244,38979
North Carolina,Price indexes,,,,,,,
North Carolina,  Regional price parities (RPPs) 9/,91.84,-0.4,94.318,93.681,93.24,92.166,91.84
North Carolina,  Implicit regional price deflator 10/,102.149,0.8,98.23,99.351,100.996,101.311,102.149
North Carolina,Employment,,,,,,,
North Carolina,  Total employment (number of jobs),6055314,-1.5,5825370,5919872,6056339,6149574,6055314
North Dakota,Real dollar statistics,,,,,,,
North Dakota,  Real GDP (millions of chained 2012 dollars) 1/,53653.6,-4.8,52974.6,54187.1,55914.2,56385.4,53653.6
North Dakota,  Real personal income (millions of constant (2012) dollars) 2/,46137.4,5.1,41744.2,42229.9,42808.4,43899.9,46137.4
North Dakota,  Real PCE (millions of constant (2012) dollars) 3/,32851.9,-4.4,34411.3,34594.8,34020.7,34363.7,32851.9
North Dakota,Current dollar statistics (millions of dollars),,,,,,,
North Dakota,  Gross domestic product (GDP),54422.9,-8.1,51989.2,55394.7,59248.7,59199.2,54422.9
North Dakota,  Personal income,47410.7,6.9,39765.8,40266.3,42733.1,44346.9,47410.7
North Dakota,  Disposable personal income,43230.1,7.5,35832.3,36399.8,38941.4,40223.4,43230.1
North Dakota,  Personal consumption expenditures,33820.5,-2.8,32848.8,33017.3,34104.2,34788.1,33820.5
North Dakota,Real per capita dollar statistics (constant 2012 dollars),,,,,,,
North Dakota,  Real per capita personal income 4/,60286,4.9,55209,55804,56322,57481,60286
North Dakota,  Real per capita PCE 5/,42926,-4.6,45511,45715,44760,44995,42926
North Dakota,Per capita current dollar statistics,,,,,,,
North Dakota,  Per capita personal income 6/,60864,6.6,52005,52521,55396,57110,60864
North Dakota,  Per capita disposable personal income 7/,55497,7.1,46861,47478,50481,51800,55497
North Dakota,  Per capita personal consumption expenditures (PCE) 8/,43417,-3.1,42959,43066,44210,44800,43417
North Dakota,Price indexes,,,,,,,
North Dakota,  Regional price parities (RPPs) 9/,92.041,-0.2,91.657,90.005,92.548,92.224,92.041
North Dakota,  Implicit regional price deflator 10/,102.372,1,95.46,95.451,100.246,101.374,102.372
North Dakota,Employment,,,,,,,
North Dakota,  Total employment (number of jobs),560682,-3.6,576704,573064,578348,581826,560682
Ohio,Real dollar statistics,,,,,,,
Ohio,  Real GDP (millions of chained 2012 dollars) 1/,594143.6,-3.1,583946.4,593636,597925.5,613251.4,594143.6
Ohio,  Real personal income (millions of constant (2012) dollars) 2/,616908.2,7.5,549630.3,563353.3,567512.7,574049.9,616908.2
Ohio,  Real PCE (millions of constant (2012) dollars) 3/,457102.5,-1.6,447327.1,457670.8,460651.6,464436.2,457102.5
Ohio,Current dollar statistics (millions of dollars),,,,,,,
Ohio,  Gross domestic product (GDP),684382.5,-1.8,623265.3,645636.8,667115.6,697166.8,684382.5
Ohio,  Personal income,631330.7,7,529069.6,547516.6,568458.4,589835.8,631330.7
Ohio,  Disposable personal income,569348.7,7.7,470845,488603.5,510060.4,528419.8,569348.7
Ohio,  Personal consumption expenditures,467691,-1.5,431492.2,446207.2,463184.2,474617.8,467691
Ohio,Real per capita dollar statistics (constant 2012 dollars),,,,,,,
Ohio,  Real per capita personal income 4/,52758,7.5,47219,48291,48585,49079,52758
Ohio,  Real per capita PCE 5/,39091,-1.6,38430,39232,39436,39707,39091
Ohio,Per capita current dollar statistics,,,,,,,
Ohio,  Per capita personal income 6/,53545,7,45212,46646,48327,50035,53545
Ohio,  Per capita disposable personal income 7/,48288,7.7,40237,41627,43362,44825,48288
Ohio,  Per capita personal consumption expenditures (PCE) 8/,39666,-1.5,36874,38015,39377,40261,39666
Ohio,Price indexes,,,,,,,
Ohio,  Regional price parities (RPPs) 9/,91.69,-1.6,92.618,91.983,92.886,93.227,91.69
Ohio,  Implicit regional price deflator 10/,101.981,-0.5,96.46,97.549,100.613,102.477,101.981
Ohio,Employment,,,,,,,
Ohio,  Total employment (number of jobs),6853595,-3.1,6931334,6987859,7066978,7072285,6853595
Oklahoma,Real dollar statistics,,,,,,,
Oklahoma,  Real GDP (millions of chained 2012 dollars) 1/,192485.5,-4.3,193025.1,194017.2,197453.2,201161.5,192485.5
Oklahoma,  Real personal income (millions of constant (2012) dollars) 2/,196070.8,1.7,173959.3,179658.7,185609,192837.8,196070.8
Oklahoma,  Real PCE (millions of constant (2012) dollars) 3/,135341.1,-3.2,131625.3,133313.8,137947.1,139753.8,135341.1
Oklahoma,Current dollar statistics (millions of dollars),,,,,,,
Oklahoma,  Gross domestic product (GDP),190063.6,-6.9,181244.4,190553,202712.5,204192.5,190063.6
Oklahoma,  Personal income,200152.9,4.3,166547.7,174159.6,182341.2,191851.6,200152.9
Oklahoma,  Disposable personal income,183543.9,4.7,150901.3,158086.7,166475.8,175254.4,183543.9
Oklahoma,  Personal consumption expenditures,138003.6,-0.6,126280.4,129563.3,135975.2,138817,138003.6
Oklahoma,Real per capita dollar statistics (constant 2012 dollars),,,,,,,
Oklahoma,  Real per capita personal income 4/,49254,1.2,44285,45673,47067,48688,49254
Oklahoma,  Real per capita PCE 5/,33999,-3.6,33508,33891,34981,35285,33999
Oklahoma,Per capita current dollar statistics,,,,,,,
Oklahoma,  Per capita personal income 6/,50518,3.8,42521,44423,46415,48646,50518
Oklahoma,  Per capita disposable personal income 7/,46326,4.2,38526,40324,42377,44438,46326
Oklahoma,  Per capita personal consumption expenditures (PCE) 8/,34832,-1,32241,33048,34613,35199,34832
Oklahoma,Price indexes,,,,,,,
Oklahoma,  Regional price parities (RPPs) 9/,91.322,1,92.118,91.662,91.006,90.448,91.322
Oklahoma,  Implicit regional price deflator 10/,101.572,2.2,95.939,97.209,98.576,99.422,101.572
Oklahoma,Employment,,,,,,,
Oklahoma,  Total employment (number of jobs),2263126,-2,2286923,2291797,2311450,2309852,2263126
Oregon,Real dollar statistics,,,,,,,
Oregon,  Real GDP (millions of chained 2012 dollars) 1/,215743.6,-1.8,198079.3,205524,214902.5,219588,215743.6
Oregon,  Real personal income (millions of constant (2012) dollars) 2/,209889.8,7.8,182637.5,186154.8,188381,194792.9,209889.8
Oregon,  Real PCE (millions of constant (2012) dollars) 3/,156276,-1.6,148847.2,152444,153811.9,158885.7,156276
Oregon,Current dollar statistics (millions of dollars),,,,,,,
Oregon,  Gross domestic product (GDP),247966.7,0.3,211305.9,222601.6,237113.7,247233.1,247966.7
Oregon,  Personal income,241790.3,8.8,188283.3,198957.5,211541.6,222257,241790.3
Oregon,  Disposable personal income,212803.6,10,163022.7,172809.7,184596.2,193434.1,212803.6
Oregon,  Personal consumption expenditures,179129.5,-0.7,153768.8,163272.2,172903.2,180302.5,179129.5
Oregon,Real per capita dollar statistics (constant 2012 dollars),,,,,,,
Oregon,  Real per capita personal income 4/,49485,7.1,44619,44886,45029,46202,49485
Oregon,  Real per capita PCE 5/,36844,-2.2,36364,36757,36766,37685,36844
Oregon,Per capita current dollar statistics,,,,,,,
Oregon,  Per capita personal income 6/,57005,8.1,45999,47974,50567,52718,57005
Oregon,  Per capita disposable personal income 7/,50171,9.4,39828,41669,44126,45881,50171
Oregon,  Per capita personal consumption expenditures (PCE) 8/,42232,-1.2,37567,39369,41331,42766,42232
Oregon,Price indexes,,,,,,,
Oregon,  Regional price parities (RPPs) 9/,102.622,-0.8,99.192,101.032,103.831,103.493,102.622
Oregon,  Implicit regional price deflator 10/,114.141,0.3,103.306,107.146,112.468,113.761,114.141
Oregon,Employment,,,,,,,
Oregon,  Total employment (number of jobs),2493784,-3.3,2450316,2516089,2569916,2578253,2493784
Pennsylvania,Real dollar statistics,,,,,,,
Pennsylvania,  Real GDP (millions of chained 2012 dollars) 1/,680957.4,-4.8,688359.4,694866.6,704027.8,715060.7,680957.4
Pennsylvania,  Real personal income (millions of constant (2012) dollars) 2/,729033.5,6.2,650344.9,648931.8,675804,686212.6,729033.5
Pennsylvania,  Real PCE (millions of constant (2012) dollars) 3/,525981.5,-4.8,521552.4,523274.3,543219.3,552717.3,525981.5
Pennsylvania,Current dollar statistics (millions of dollars),,,,,,,
Pennsylvania,  Gross domestic product (GDP),771613.2,-3.5,726561.9,746441,773977.4,799888.8,771613.2
Pennsylvania,  Personal income,788281.5,6.5,661160.1,678604.6,714331.5,739891.8,788281.5
Pennsylvania,  Disposable personal income,704233.7,7.2,583399.7,599709.6,635620.7,656892.9,704233.7
Pennsylvania,  Personal consumption expenditures,572692.2,-3.4,531332.5,549026.4,576675,592927,572692.2
Pennsylvania,Real per capita dollar statistics (constant 2012 dollars),,,,,,,
Pennsylvania,  Real per capita personal income 4/,57030,6.4,50854,50719,52760,53615,57030
Pennsylvania,  Real per capita PCE 5/,41146,-4.7,40783,40898,42409,43185,41146
Pennsylvania,Per capita current dollar statistics,,,,,,,
Pennsylvania,  Per capita personal income 6/,60685,6.6,51181,52421,55030,56952,60685
Pennsylvania,  Per capita disposable personal income 7/,54215,7.2,45161,46326,48966,50563,54215
Pennsylvania,  Per capita personal consumption expenditures (PCE) 8/,44088,-3.4,41131,42411,44425,45640,44088
Pennsylvania,Price indexes,,,,,,,
Pennsylvania,  Regional price parities (RPPs) 9/,97.564,-0.4,97.817,98.982,98.068,97.91,97.564
Pennsylvania,  Implicit regional price deflator 10/,108.516,0.8,101.875,104.972,106.225,107.625,108.516
Pennsylvania,Employment,,,,,,,
Pennsylvania,  Total employment (number of jobs),7413333,-4.6,7593733,7662469,7763334,7773246,7413333
Rhode Island,Real dollar statistics,,,,,,,
Rhode Island,  Real GDP (millions of chained 2012 dollars) 1/,51516.1,-3.5,52902.6,52691.8,52553.3,53411.4,51516.1
Rhode Island,  Real personal income (millions of constant (2012) dollars) 2/,56935.8,5.9,50845.9,51783.8,52400.3,53749.1,56935.8
Rhode Island,  Real PCE (millions of constant (2012) dollars) 3/,40076.5,-5.2,40734,41186.2,41853.7,42266.3,40076.5
Rhode Island,Current dollar statistics (millions of dollars),,,,,,,
Rhode Island,  Gross domestic product (GDP),60770.6,-1.4,57353.5,58085,59290.8,61642.8,60770.6
Rhode Island,  Personal income,65709,7.5,53229.7,55310.7,57490.5,61107.2,65709
Rhode Island,  Disposable personal income,58730.1,8.1,46981.2,48956.8,51189.6,54318,58730.1
Rhode Island,  Personal consumption expenditures,45546.3,-3.2,42732.8,44062.5,45892.7,47038,45546.3
Rhode Island,Real per capita dollar statistics (constant 2012 dollars),,,,,,,
Rhode Island,  Real per capita personal income 4/,53859,6,48067,49012,49465,50795,53859
Rhode Island,  Real per capita PCE 5/,37911,-5.1,38508,38982,39509,39943,37911
Rhode Island,Per capita current dollar statistics,,,,,,,
Rhode Island,  Per capita personal income 6/,59941,7.4,49184,50982,52659,55830,59941
Rhode Island,  Per capita disposable personal income 7/,53575,8,43411,45125,46888,49627,53575
Rhode Island,  Per capita personal consumption expenditures (PCE) 8/,41548,-3.3,39485,40614,42036,42976,41548
Rhode Island,Price indexes,,,,,,,
Rhode Island,  Regional price parities (RPPs) 9/,101.845,0.3,100.728,100.932,101.296,101.588,101.845
Rhode Island,  Implicit regional price deflator 10/,113.276,1.4,104.907,107.04,109.723,111.668,113.276
Rhode Island,Employment,,,,,,,
Rhode Island,  Total employment (number of jobs),615726,-5.4,633501,638895,648735,651037,615726
South Carolina,Real dollar statistics,,,,,,,
South Carolina,  Real GDP (millions of chained 2012 dollars) 1/,208234.1,-2.3,198005.7,202512.4,207101.2,213237.8,208234.1
South Carolina,  Real personal income (millions of constant (2012) dollars) 2/,246563.9,6.3,206062.3,214902.3,221940.2,232055.9,246563.9
South Carolina,  Real PCE (millions of constant (2012) dollars) 3/,192240.4,-1,174699.6,180771.3,187617.5,194259.8,192240.4
South Carolina,Current dollar statistics (millions of dollars),,,,,,,
South Carolina,  Gross domestic product (GDP),245359.5,-0.3,215120.2,223266.7,233251.4,245987.2,245359.5
South Carolina,  Personal income,251946.2,6.3,202215.4,212325.2,221707.2,237024.5,251946.2
South Carolina,  Disposable personal income,227513.9,6.9,181421.2,190922.3,200058.2,212835.9,227513.9
South Carolina,  Personal consumption expenditures,196787.9,0.2,171796.1,179228.8,188518.4,196321.3,196787.9
South Carolina,Real per capita dollar statistics (constant 2012 dollars),,,,,,,
South Carolina,  Real per capita personal income 4/,47252,5,41519,42749,43589,44992,47252
South Carolina,  Real per capita PCE 5/,36842,-2.2,35200,35959,36848,37664,36842
South Carolina,Per capita current dollar statistics,,,,,,,
South Carolina,  Per capita personal income 6/,49105,5.2,41178,42758,44155,46681,49105
South Carolina,  Per capita disposable personal income 7/,44343,5.8,36944,38448,39844,41917,44343
South Carolina,  Per capita personal consumption expenditures (PCE) 8/,38355,-0.8,34984,36093,37546,38665,38355
South Carolina,Price indexes,,,,,,,
South Carolina,  Regional price parities (RPPs) 9/,91.647,-0.5,94.421,93.512,92.779,92.081,91.647
South Carolina,  Implicit regional price deflator 10/,101.934,0.7,98.338,99.17,100.497,101.217,101.934
South Carolina,Employment,,,,,,,
South Carolina,  Total employment (number of jobs),2825222,-2,2700086,2759106,2843412,2882340,2825222
South Dakota,Real dollar statistics,,,,,,,
South Dakota,  Real GDP (millions of chained 2012 dollars) 1/,47402.4,1.6,46076,45775.8,46300.3,46650.5,47402.4
South Dakota,  Real personal income (millions of constant (2012) dollars) 2/,52147.6,8.7,45635.7,46683.9,46666.9,47953.2,52147.6
South Dakota,  Real PCE (millions of constant (2012) dollars) 3/,36681.1,-1,35288.7,36648.9,36640.2,37069.7,36681.1
South Dakota,Current dollar statistics (millions of dollars),,,,,,,
South Dakota,  Gross domestic product (GDP),55681.2,3.1,49151.4,50232.5,52299.3,54001.3,55681.2
South Dakota,  Personal income,53621.5,9.9,42336.8,43599,45660.9,48797,53621.5
South Dakota,  Disposable personal income,49853.7,10.6,38527.4,39937.3,42112.3,45080.7,49853.7
South Dakota,  Personal consumption expenditures,37476.5,0,32806,34399.5,36112.8,37494.4,37476.5
South Dakota,Real per capita dollar statistics (constant 2012 dollars),,,,,,,
South Dakota,  Real per capita personal income 4/,58414,8.1,52838,53430,53068,54055,58414
South Dakota,  Real per capita PCE 5/,41089,-1.7,40858,41945,41666,41786,41089
South Dakota,Per capita current dollar statistics,,,,,,,
South Dakota,  Per capita personal income 6/,60446,9.3,49192,50104,52166,55294,60446
South Dakota,  Per capita disposable personal income 7/,56199,10,44765,45896,48112,51083,56199
South Dakota,  Per capita personal consumption expenditures (PCE) 8/,42246,-0.6,38118,39532,41258,42486,42246
South Dakota,Price indexes,,,,,,,
South Dakota,  Regional price parities (RPPs) 9/,91.518,-0.8,89.262,88.701,91.26,92.273,91.518
South Dakota,  Implicit regional price deflator 10/,101.79,0.4,92.965,94.068,98.851,101.429,101.79
South Dakota,Employment,,,,,,,
South Dakota,  Total employment (number of jobs),606699,-0.7,597324,601277,610237,610900,606699
Tennessee,Real dollar statistics,,,,,,,
Tennessee,  Real GDP (millions of chained 2012 dollars) 1/,323454,-2.3,310143.2,318963.9,323541.6,331176.6,323454
Tennessee,  Real personal income (millions of constant (2012) dollars) 2/,344034.4,3.6,296180,306201,327809.7,331924.3,344034.4
Tennessee,  Real PCE (millions of constant (2012) dollars) 3/,251970.4,-2.4,232710.3,240694.5,256254.1,258131.1,251970.4
Tennessee,Current dollar statistics (millions of dollars),,,,,,,
Tennessee,  Gross domestic product (GDP),379007.1,-0.3,336413.9,350838.7,363055.5,380128.5,379007.1
Tennessee,  Personal income,362278.1,7,290239.9,302461.6,319022.2,338609.2,362278.1
Tennessee,  Disposable personal income,334898,7.4,264464.9,276828.3,293642.8,311678.4,334898
Tennessee,  Personal consumption expenditures,259372.2,-0.3,228519,238681.9,250515.5,260150.9,259372.2
Tennessee,Real per capita dollar statistics (constant 2012 dollars),,,,,,,
Tennessee,  Real per capita personal income 4/,49955,2.8,44530,45601,48362,48596,49955
Tennessee,  Real per capita PCE 5/,36587,-3.2,34987,35846,37806,37792,36587
Tennessee,Per capita current dollar statistics,,,,,,,
Tennessee,  Per capita personal income 6/,52351,6.1,43499,44879,46870,49343,52351
Tennessee,  Per capita disposable personal income 7/,48395,6.6,39636,41076,43141,45418,48395
Tennessee,  Per capita personal consumption expenditures (PCE) 8/,37481,-1.1,34249,35416,36805,37910,37481
Tennessee,Price indexes,,,,,,,
Tennessee,  Regional price parities (RPPs) 9/,92.15,0.3,94.288,93.544,90.3,91.919,92.15
Tennessee,  Implicit regional price deflator 10/,102.493,1.4,98.199,99.205,97.812,101.039,102.493
Tennessee,Employment,,,,,,,
Tennessee,  Total employment (number of jobs),4121399,-1.1,3951854,4033035,4119492,4168951,4121399
Texas,Real dollar statistics,,,,,,,
Texas,  Real GDP (millions of chained 2012 dollars) 1/,1747562,-1.8,1619954.2,1659453.3,1728304,1779781.4,1747562
Texas,  Real personal income (millions of constant (2012) dollars) 2/,1466415.9,3.3,1267263.9,1340082.3,1395093.7,1419981.9,1466415.9
Texas,  Real PCE (millions of constant (2012) dollars) 3/,1051771,-2.4,998939.1,1031360.4,1059107.3,1077502.7,1051771
Texas,Current dollar statistics (millions of dollars),,,,,,,
Texas,  Gross domestic product (GDP),1789933.4,-3.7,1579014.9,1673234.3,1809396.7,1858757.8,1789933.4
Texas,  Personal income,1624525.8,4.1,1296480.8,1387922.6,1482714.1,1560503.5,1624525.8
Texas,  Disposable personal income,1479123.6,4.3,1175096.7,1249898.2,1351230.3,1417682.9,1479123.6
Texas,  Personal consumption expenditures,1168805.2,-0.2,1024102.9,1070314.7,1127680.2,1171626.5,1168805.2
Texas,Real per capita dollar statistics (constant 2012 dollars),,,,,,,
Texas,  Real per capita personal income 4/,49945,2,45399,47368,48738,48987,49945
Texas,  Real per capita PCE 5/,35822,-3.6,35786,36455,37000,37172,35822
Texas,Per capita current dollar statistics,,,,,,,
Texas,  Per capita personal income 6/,55601,2.8,46586,49231,52005,54076,55601
Texas,  Per capita disposable personal income 7/,50624,3,42224,44335,47393,49127,50624
Texas,  Per capita personal consumption expenditures (PCE) 8/,40003,-1.5,36798,37965,39553,40600,40003
Texas,Price indexes,,,,,,,
Texas,  Regional price parities (RPPs) 9/,99.542,0.4,98.436,97.88,98.356,99.105,99.542
Texas,  Implicit regional price deflator 10/,110.715,1.6,102.519,103.803,106.538,108.938,110.715
Texas,Employment,,,,,,,
Texas,  Total employment (number of jobs),17706662,-1.1,16683310,17104535,17607238,17902900,17706662
Utah,Real dollar statistics,,,,,,,
Utah,  Real GDP (millions of chained 2012 dollars) 1/,174954.7,1.7,147962.3,154758.3,164622.1,172038.4,174954.7
Utah,  Real personal income (millions of constant (2012) dollars) 2/,160505.6,9,127334.3,129703,140774.3,147218.2,160505.6
Utah,  Real PCE (millions of constant (2012) dollars) 3/,114548,2.2,99398.4,101470.3,109308.9,112047.1,114548
Utah,Current dollar statistics (millions of dollars),,,,,,,
Utah,  Gross domestic product (GDP),202133.4,2.8,157827.3,168649.9,184457.5,196538.9,202133.4
Utah,  Personal income,171385.4,9.1,127881.4,135162.2,145255.8,157045.2,171385.4
Utah,  Disposable personal income,152659.2,9.8,113226.9,120020.2,129104.1,139047.2,152659.2
Utah,  Personal consumption expenditures,122472.1,2.3,100033.9,106285.2,113697.3,119720.1,122472.1
Utah,Real per capita dollar statistics (constant 2012 dollars),,,,,,,
Utah,  Real per capita personal income 4/,49388,7.5,41828,41792,44617,45957,49388
Utah,  Real per capita PCE 5/,35247,0.8,32651,32695,34645,34978,35247
Utah,Per capita current dollar statistics,,,,,,,
Utah,  Per capita personal income 6/,52225,7.5,41750,43241,45665,48580,52225
Utah,  Per capita disposable personal income 7/,46519,8.2,36965,38397,40587,43013,46519
Utah,  Per capita personal consumption expenditures (PCE) 8/,37320,0.8,32658,34003,35744,37034,37320
Utah,Price indexes,,,,,,,
Utah,  Regional price parities (RPPs) 9/,95.322,-2.1,96.631,98.853,96.167,97.406,95.322
Utah,  Implicit regional price deflator 10/,106.021,-1,100.639,104.834,104.167,107.071,106.021
Utah,Employment,,,,,,,
Utah,  Total employment (number of jobs),2135409,1.5,1933142,1995293,2069735,2103036,2135409
Vermont,Real dollar statistics,,,,,,,
Vermont,  Real GDP (millions of chained 2012 dollars) 1/,29064.6,-2.9,29408.1,29490.6,29602.2,29940.7,29064.6
Vermont,  Real personal income (millions of constant (2012) dollars) 2/,33490,5.2,30536.8,30433.9,31042.5,31828.2,33490
Vermont,  Real PCE (millions of constant (2012) dollars) 3/,26737.7,-5.4,27099.6,26929.8,27810.1,28264.6,26737.7
Vermont,Current dollar statistics (millions of dollars),,,,,,,
Vermont,  Gross domestic product (GDP),34018.6,-0.6,31661.2,32266.1,33066.8,34230.8,34018.6
Vermont,  Personal income,38097.7,7.1,31575.6,32445.5,33577,35584.5,38097.7
Vermont,  Disposable personal income,34260,7.4,28257.5,29073.8,30227.7,31911,34260
Vermont,  Personal consumption expenditures,29686.3,-3.4,28080,28734.7,30012.6,30718.7,29686.3
Vermont,Real per capita dollar statistics (constant 2012 dollars),,,,,,,
Vermont,  Real per capita personal income 4/,53726,5.3,48908,48684,49684,51003,53726
Vermont,  Real per capita PCE 5/,42894,-5.3,43403,43079,44510,45292,42894
Vermont,Per capita current dollar statistics,,,,,,,
Vermont,  Per capita personal income 6/,59296,7,49621,50771,52409,55442,59296
Vermont,  Per capita disposable personal income 7/,53323,7.3,44406,45495,47182,49718,53323
Vermont,  Per capita personal consumption expenditures (PCE) 8/,46205,-3.5,44127,44964,46846,47860,46205
Vermont,Price indexes,,,,,,,
Vermont,  Regional price parities (RPPs) 9/,99.347,0.4,99.491,100.638,99.656,98.993,99.347
Vermont,  Implicit regional price deflator 10/,110.499,1.5,103.618,106.728,107.946,108.816,110.499
Vermont,Employment,,,,,,,
Vermont,  Total employment (number of jobs),409390,-5.6,433778,435861,437638,433602,409390
Virginia,Real dollar statistics,,,,,,,
Virginia,  Real GDP (millions of chained 2012 dollars) 1/,478909.3,-2.1,459965.8,467362,477915.2,489199.1,478909.3
Virginia,  Real personal income (millions of constant (2012) dollars) 2/,475341.6,4,420119.2,435851.6,439160.6,456928.9,475341.6
Virginia,  Real PCE (millions of constant (2012) dollars) 3/,327035.8,-4.5,316891,326477.4,331421,342608.5,327035.8
Virginia,Current dollar statistics (millions of dollars),,,,,,,
Virginia,  Gross domestic product (GDP),556992.6,-0.1,496021.1,511114.9,532906.5,557764.4,556992.6
Virginia,  Personal income,536817.2,5.7,449830.1,466610.7,483922.1,507874.1,536817.2
Virginia,  Disposable personal income,470939.4,6.4,391972.3,407054.8,423521.2,442540.1,470939.4
Virginia,  Personal consumption expenditures,369718.3,-1.9,340009.9,350788.7,366521.5,376752,369718.3
Virginia,Real per capita dollar statistics (constant 2012 dollars),,,,,,,
Virginia,  Real per capita personal income 4/,55333,3.6,49909,51452,51600,53400,55333
Virginia,  Real per capita PCE 5/,38069,-4.9,37646,38541,38941,40040,38069
Virginia,Per capita current dollar statistics,,,,,,,
Virginia,  Per capita personal income 6/,62189,5.3,53268,54879,56619,59073,62189
Virginia,  Per capita disposable personal income 7/,54557,6,46416,47874,49552,51474,54557
Virginia,  Per capita personal consumption expenditures (PCE) 8/,42831,-2.3,40263,41257,42883,43822,42831
Virginia,Price indexes,,,,,,,
Virginia,  Regional price parities (RPPs) 9/,100.978,0.7,103.022,101.362,102.162,100.253,100.978
Virginia,  Implicit regional price deflator 10/,112.313,1.9,107.296,107.496,110.661,110.2,112.313
Virginia,Employment,,,,,,,
Virginia,  Total employment (number of jobs),5224997,-2,5156641,5228265,5297964,5329887,5224997
Washington,Real dollar statistics,,,,,,,
Washington,  Real GDP (millions of chained 2012 dollars) 1/,538856.1,1.1,458263.8,482007,515029.1,533150.4,538856.1
Washington,  Real personal income (millions of constant (2012) dollars) 2/,433804.2,6.3,368814.6,376366.7,394262.5,408255,433804.2
Washington,  Real PCE (millions of constant (2012) dollars) 3/,296640.8,-3.8,281069.1,286992.4,300881.9,308355.4,296640.8
Washington,Current dollar statistics (millions of dollars),,,,,,,
Washington,  Gross domestic product (GDP),612969.1,3,487275.1,519409.6,564313.9,595231.8,612969.1
Washington,  Personal income,527581.8,7.6,401774.3,426442.7,454583.5,490322.1,527581.8
Washington,  Disposable personal income,473497.6,8.3,356344.5,379233.8,406211.9,437288.8,473497.6
Washington,  Personal consumption expenditures,356590.2,-1.5,306826.3,325712.5,347152.4,361957.5,356590.2
Washington,Real per capita dollar statistics (constant 2012 dollars),,,,,,,
Washington,  Real per capita personal income 4/,56385,5.2,50523,50669,52381,53619,56385
Washington,  Real per capita PCE 5/,38557,-4.8,38503,38637,39975,40498,38557
Washington,Per capita current dollar statistics,,,,,,,
Washington,  Per capita personal income 6/,68350,6.5,54918,57265,60221,64189,68350
Washington,  Per capita disposable personal income 7/,61344,7.2,48708,50926,53813,57247,61344
Washington,  Per capita personal consumption expenditures (PCE) 8/,46198,-2.5,41939,43739,45989,47385,46198
Washington,Price indexes,,,,,,,
Washington,  Regional price parities (RPPs) 9/,107.359,0.2,104.816,107.048,106.597,107.125,107.359
Washington,  Implicit regional price deflator 10/,119.41,1.4,109.164,113.526,115.464,117.754,119.41
Washington,Employment,,,,,,,
Washington,  Total employment (number of jobs),4436065,-3.3,4313687,4432281,4537723,4589563,4436065
West Virginia,Real dollar statistics,,,,,,,
West Virginia,  Real GDP (millions of chained 2012 dollars) 1/,70444.2,-3,70011.4,71425.6,73170.4,72633.4,70444.2
West Virginia,  Real personal income (millions of constant (2012) dollars) 2/,82331.9,4.5,72980.6,75764.1,77386.7,78753.6,82331.9
West Virginia,  Real PCE (millions of constant (2012) dollars) 3/,67875.3,-3.3,66144,67607.7,68759.8,70169.5,67875.3
West Virginia,Current dollar statistics (millions of dollars),,,,,,,
West Virginia,  Gross domestic product (GDP),76547.9,-3.5,70924.4,74820.1,79192.9,79325.6,76547.9
West Virginia,  Personal income,80971.2,4.7,68630.1,71344.5,74740,77329.9,80971.2
West Virginia,  Disposable personal income,74113.9,5.1,62220.1,64818.3,68301.4,70507,74113.9
West Virginia,  Personal consumption expenditures,66537.4,-2.1,62330.9,63838,66575.1,67992.2,66537.4
West Virginia,Real per capita dollar statistics (constant 2012 dollars),,,,,,,
West Virginia,  Real per capita personal income 4/,46130,5.2,39827,41659,42851,43867,46130
West Virginia,  Real per capita PCE 5/,38030,-2.7,36096,37174,38074,39086,38030
West Virginia,Per capita current dollar statistics,,,,,,,
West Virginia,  Per capita personal income 6/,45240,5.3,37380,39140,41279,42951,45240
West Virginia,  Per capita disposable personal income 7/,41409,5.7,33889,35560,37723,39161,41409
West Virginia,  Per capita personal consumption expenditures (PCE) 8/,37176,-1.6,33949,35022,36770,37764,37176
West Virginia,Price indexes,,,,,,,
West Virginia,  Regional price parities (RPPs) 9/,87.959,-0.4,90.482,89.066,89.4,88.303,87.959
West Virginia,  Implicit regional price deflator 10/,97.833,0.8,94.235,94.455,96.836,97.064,97.833
West Virginia,Employment,,,,,,,
West Virginia,  Total employment (number of jobs),841019,-4.6,890217,888859,897857,881598,841019
Wisconsin,Real dollar statistics,,,,,,,
Wisconsin,  Real GDP (millions of chained 2012 dollars) 1/,293104.9,-3.5,291920.3,291922.7,299062.6,303669,293104.9
Wisconsin,  Real personal income (millions of constant (2012) dollars) 2/,313787.8,5.5,282116.3,288413.1,292608,297320.8,313787.8
Wisconsin,  Real PCE (millions of constant (2012) dollars) 3/,230514.1,-2.1,224032.8,229303.3,233412.3,235465,230514.1
Wisconsin,Current dollar statistics (millions of dollars),,,,,,,
Wisconsin,  Gross domestic product (GDP),340591.1,-1.3,314073.3,318310.4,332498.6,345236.4,340591.1
Wisconsin,  Personal income,329622.8,6,274374.7,284576.5,298256.9,311019,329622.8
Wisconsin,  Disposable personal income,294460.8,6.8,241767.5,252147,265632.4,275745.2,294460.8
Wisconsin,  Personal consumption expenditures,239972.9,-1.6,218339.8,226584.6,237862.2,243920.4,239972.9
Wisconsin,Real per capita dollar statistics (constant 2012 dollars),,,,,,,
Wisconsin,  Real per capita personal income 4/,53798,5.4,48850,49785,50369,51046,53798
Wisconsin,  Real per capita PCE 5/,39521,-2.2,38792,39582,40179,40426,39521
Wisconsin,Per capita current dollar statistics,,,,,,,
Wisconsin,  Per capita personal income 6/,55941,5.8,47205,48758,50908,52893,55941
Wisconsin,  Per capita disposable personal income 7/,49974,6.6,41595,43202,45339,46894,49974
Wisconsin,  Per capita personal consumption expenditures (PCE) 8/,40726,-1.8,37565,38822,40599,41482,40726
Wisconsin,Price indexes,,,,,,,
Wisconsin,  Regional price parities (RPPs) 9/,93.188,-1.4,93.577,93.222,94.138,94.486,93.188
Wisconsin,  Implicit regional price deflator 10/,103.648,-0.2,97.459,98.863,101.969,103.86,103.648
Wisconsin,Employment,,,,,,,
Wisconsin,  Total employment (number of jobs),3582636,-3.7,3657864,3679062,3720945,3719288,3582636
Wyoming,Real dollar statistics,,,,,,,
Wyoming,  Real GDP (millions of chained 2012 dollars) 1/,36268.6,-5.7,38188.7,37521.6,38080.1,38446.6,36268.6
Wyoming,  Real personal income (millions of constant (2012) dollars) 2/,35209.1,1.9,31411.1,31920.4,34316.8,34559.8,35209.1
Wyoming,  Real PCE (millions of constant (2012) dollars) 3/,23844,-1.4,22675.7,22796.9,24037.8,24187.6,23844
Wyoming,Current dollar statistics (millions of dollars),,,,,,,
Wyoming,  Gross domestic product (GDP),36330.4,-7.9,35879,36980.7,39171.7,39428,36330.4
Wyoming,  Personal income,37974,2.9,31908.5,32952.3,34759.6,36889,37974
Wyoming,  Disposable personal income,34345.3,3,28807.8,29625.5,31548.4,33339.7,34345.3
Wyoming,  Personal consumption expenditures,24566.4,-1,23082.9,23562.6,24355.2,24806.1,24566.4
Wyoming,Real per capita dollar statistics (constant 2012 dollars),,,,,,,
Wyoming,  Real per capita personal income 4/,60463,1.5,53672,55036,59264,59574,60463
Wyoming,  Real per capita PCE 5/,40946,-1.8,38746,39305,41512,41694,40946
Wyoming,Per capita current dollar statistics,,,,,,,
Wyoming,  Per capita personal income 6/,65782,2.6,54827,57184,60472,64117,65782
Wyoming,  Per capita disposable personal income 7/,59496,2.7,49499,51411,54886,57948,59496
Wyoming,  Per capita personal consumption expenditures (PCE) 8/,42556,-1.3,39662,40890,42372,43115,42556
Wyoming,Price indexes,,,,,,,
Wyoming,  Regional price parities (RPPs) 9/,92.257,-1.2,97.741,97.468,93.527,93.424,92.257
Wyoming,  Implicit regional price deflator 10/,102.612,-0.1,101.796,103.366,101.307,102.693,102.612
Wyoming,Employment,,,,,,,
Wyoming,  Total employment (number of jobs),401871,-1.6,398130,398939,404561,408235,401871
