GeoName,Description,Levels,Per_Change_2020
United States,Real dollar statistics,,
United States,  Real GDP (millions of chained 2012 dollars) 1/,18509143,-2.8
United States,  Real personal income (millions of constant (2012) dollars) 2/,17628679.9,5.3
United States,  Real PCE (millions of constant (2012) dollars) 3/,12629896.7,-3.8
United States,Current dollar statistics (millions of dollars),,
United States,  Gross domestic product (GDP),21060474,-1.5
United States,  Personal income,19812171,6.7
United States,  Disposable personal income,17577865,7.3
United States,  Personal consumption expenditures,14116165.7,-1.9
United States,Real per capita dollar statistics (constant 2012 dollars),,
United States,  Real per capita personal income 4/,53504,4.9
United States,  Real per capita PCE 5/,38332,-4.1
United States,Per capita current dollar statistics,,
United States,  Per capita personal income 6/,59765,6.2
United States,  Per capita disposable personal income 7/,53025,6.9
United States,  Per capita personal consumption expenditures (PCE) 8/,42583,-2.3
United States,Price indexes,,
United States,  Regional price parities (RPPs) 9/,100,0
United States,  Implicit regional price deflator 10/,(NA),(NA)
United States,Employment,,
United States,  Total employment (number of jobs),195301600,-3.1
Alabama,Real dollar statistics,,
Alabama,  Real GDP (millions of chained 2012 dollars) 1/,199880.8,-1.7
Alabama,  Real personal income (millions of constant (2012) dollars) 2/,231128.3,4.6
Alabama,  Real PCE (millions of constant (2012) dollars) 3/,177776.9,-2
Alabama,Current dollar statistics (millions of dollars),,
Alabama,  Gross domestic product (GDP),230892.1,-0.3
Alabama,  Personal income,232040.3,7.1
Alabama,  Disposable personal income,211949.4,7.8
Alabama,  Personal consumption expenditures,177093.9,-0.2
Alabama,Real per capita dollar statistics (constant 2012 dollars),,
Alabama,  Real per capita personal income 4/,46963,4.3
Alabama,  Real per capita PCE 5/,36122,-2.3
Alabama,Per capita current dollar statistics,,
Alabama,  Per capita personal income 6/,46179,6.7
Alabama,  Per capita disposable personal income 7/,42181,7.3
Alabama,  Per capita personal consumption expenditures (PCE) 8/,35244,-0.6
Alabama,Price indexes,,
Alabama,  Regional price parities (RPPs) 9/,89.252,0.2
Alabama,  Implicit regional price deflator 10/,99.27,1.4
Alabama,Employment,,
Alabama,  Total employment (number of jobs),2671253,-1.5
Alaska,Real dollar statistics,,
Alaska,  Real GDP (millions of chained 2012 dollars) 1/,50705.2,-5.1
Alaska,  Real personal income (millions of constant (2012) dollars) 2/,40557.5,1.6
Alaska,  Real PCE (millions of constant (2012) dollars) 3/,31034.2,-6.6
Alaska,Current dollar statistics (millions of dollars),,
Alaska,  Gross domestic product (GDP),50475.2,-7.8
Alaska,  Personal income,45965.1,2
Alaska,  Disposable personal income,42437.8,2
Alaska,  Personal consumption expenditures,35831.5,-5.1
Alaska,Real per capita dollar statistics (constant 2012 dollars),,
Alaska,  Real per capita personal income 4/,55470,1.9
Alaska,  Real per capita PCE 5/,42445,-6.3
Alaska,Per capita current dollar statistics,,
Alaska,  Per capita personal income 6/,62756,2.3
Alaska,  Per capita disposable personal income 7/,57940,2.4
Alaska,  Per capita personal consumption expenditures (PCE) 8/,48921,-4.8
Alaska,Price indexes,,
Alaska,  Regional price parities (RPPs) 9/,103.239,-0.2
Alaska,  Implicit regional price deflator 10/,114.827,1
Alaska,Employment,,
Alaska,  Total employment (number of jobs),430824,-5.3
Arizona,Real dollar statistics,,
Arizona,  Real GDP (millions of chained 2012 dollars) 1/,327178,0.5
Arizona,  Real personal income (millions of constant (2012) dollars) 2/,335393.2,8.4
Arizona,  Real PCE (millions of constant (2012) dollars) 3/,260537.2,-2
Arizona,Current dollar statistics (millions of dollars),,
Arizona,  Gross domestic product (GDP),382072.3,2.6
Arizona,  Personal income,375601.3,10.4
Arizona,  Disposable personal income,339835.8,11.4
Arizona,  Personal consumption expenditures,288818.8,0.5
Arizona,Real per capita dollar statistics (constant 2012 dollars),,
Arizona,  Real per capita personal income 4/,45193,6.6
Arizona,  Real per capita PCE 5/,35106,-3.7
Arizona,Per capita current dollar statistics,,
Arizona,  Per capita personal income 6/,52327,8.7
Arizona,  Per capita disposable personal income 7/,47344,9.7
Arizona,  Per capita personal consumption expenditures (PCE) 8/,40237,-1
Arizona,Price indexes,,
Arizona,  Regional price parities (RPPs) 9/,99.071,0.6
Arizona,  Implicit regional price deflator 10/,110.192,1.8
Arizona,Employment,,
Arizona,  Total employment (number of jobs),3920036,-0.3
Arkansas,Real dollar statistics,,
Arkansas,  Real GDP (millions of chained 2012 dollars) 1/,117268.2,0.1
Arkansas,  Real personal income (millions of constant (2012) dollars) 2/,144752.4,3.8
Arkansas,  Real PCE (millions of constant (2012) dollars) 3/,105340.8,-2
Arkansas,Current dollar statistics (millions of dollars),,
Arkansas,  Gross domestic product (GDP),133969.1,1.8
Arkansas,  Personal income,142038.5,6.7
Arkansas,  Disposable personal income,129873.4,7.3
Arkansas,  Personal consumption expenditures,104782.9,0.6
Arkansas,Real per capita dollar statistics (constant 2012 dollars),,
Arkansas,  Real per capita personal income 4/,47765,3.5
Arkansas,  Real per capita PCE 5/,34760,-2.3
Arkansas,Per capita current dollar statistics,,
Arkansas,  Per capita personal income 6/,47154,6.4
Arkansas,  Per capita disposable personal income 7/,43115,7
Arkansas,  Per capita personal consumption expenditures (PCE) 8/,34786,0.3
Arkansas,Price indexes,,
Arkansas,  Regional price parities (RPPs) 9/,89.181,0.9
Arkansas,  Implicit regional price deflator 10/,99.191,2.1
Arkansas,Employment,,
Arkansas,  Total employment (number of jobs),1640442,-1.4
California,Real dollar statistics,,
California,  Real GDP (millions of chained 2012 dollars) 1/,2667220.9,-2.3
California,  Real personal income (millions of constant (2012) dollars) 2/,2257635.2,7
California,  Real PCE (millions of constant (2012) dollars) 3/,1495470.9,-6
California,Current dollar statistics (millions of dollars),,
California,  Gross domestic product (GDP),3020173.4,-0.7
California,  Personal income,2790523.5,8.7
California,  Disposable personal income,2403799.4,9.3
California,  Personal consumption expenditures,1848651.7,-3.6
California,Real per capita dollar statistics (constant 2012 dollars),,
California,  Real per capita personal income 4/,57347,7.2
California,  Real per capita PCE 5/,37987,-5.8
California,Per capita current dollar statistics,,
California,  Per capita personal income 6/,70647,8.8
California,  Per capita disposable personal income 7/,60856,9.4
California,  Per capita personal consumption expenditures (PCE) 8/,46802,-3.5
California,Price indexes,,
California,  Regional price parities (RPPs) 9/,110.38,0.5
California,  Implicit regional price deflator 10/,122.769,1.6
California,Employment,,
California,  Total employment (number of jobs),23155486,-4.4
Colorado,Real dollar statistics,,
Colorado,  Real GDP (millions of chained 2012 dollars) 1/,353345.2,-1.4
Colorado,  Real personal income (millions of constant (2012) dollars) 2/,324716,3.7
Colorado,  Real PCE (millions of constant (2012) dollars) 3/,236760.8,-2.9
Colorado,Current dollar statistics (millions of dollars),,
Colorado,  Gross domestic product (GDP),391263.3,-0.8
Colorado,  Personal income,378051.4,6.1
Colorado,  Disposable personal income,333477.3,6.7
Colorado,  Personal consumption expenditures,272276.5,-0.2
Colorado,Real per capita dollar statistics (constant 2012 dollars),,
Colorado,  Real per capita personal income 4/,55911,2.9
Colorado,  Real per capita PCE 5/,40767,-3.7
Colorado,Per capita current dollar statistics,,
Colorado,  Per capita personal income 6/,65358,5.2
Colorado,  Per capita disposable personal income 7/,57652,5.8
Colorado,  Per capita personal consumption expenditures (PCE) 8/,47072,-1
Colorado,Price indexes,,
Colorado,  Regional price parities (RPPs) 9/,102.866,0.8
Colorado,  Implicit regional price deflator 10/,114.412,2
Colorado,Employment,,
Colorado,  Total employment (number of jobs),3821923,-1.9
Connecticut,Real dollar statistics,,
Connecticut,  Real GDP (millions of chained 2012 dollars) 1/,235234.9,-6.5
Connecticut,  Real personal income (millions of constant (2012) dollars) 2/,243771.5,1.8
Connecticut,  Real PCE (millions of constant (2012) dollars) 3/,155937.1,-4.8
Connecticut,Current dollar statistics (millions of dollars),,
Connecticut,  Gross domestic product (GDP),276223.3,-4.3
Connecticut,  Personal income,282486.1,3.7
Connecticut,  Disposable personal income,241345.9,4.1
Connecticut,  Personal consumption expenditures,180077,-2.6
Connecticut,Real per capita dollar statistics (constant 2012 dollars),,
Connecticut,  Real per capita personal income 4/,68533,2.1
Connecticut,  Real per capita PCE 5/,43839,-4.6
Connecticut,Per capita current dollar statistics,,
Connecticut,  Per capita personal income 6/,78463,3.9
Connecticut,  Per capita disposable personal income 7/,67036,4.3
Connecticut,  Per capita personal consumption expenditures (PCE) 8/,50018,-2.4
Connecticut,Price indexes,,
Connecticut,  Regional price parities (RPPs) 9/,103.439,0.5
Connecticut,  Implicit regional price deflator 10/,115.05,1.7
Connecticut,Employment,,
Connecticut,  Total employment (number of jobs),2217497,-3.5
Delaware,Real dollar statistics,,
Delaware,  Real GDP (millions of chained 2012 dollars) 1/,62281.8,-2.9
Delaware,  Real personal income (millions of constant (2012) dollars) 2/,51006.8,5.4
Delaware,  Real PCE (millions of constant (2012) dollars) 3/,41186.1,-2.4
Delaware,Current dollar statistics (millions of dollars),,
Delaware,  Gross domestic product (GDP),75818.6,-1.4
Delaware,  Personal income,55866.8,5
Delaware,  Disposable personal income,49416.5,5.4
Delaware,  Personal consumption expenditures,45112.3,-1.4
Delaware,Real per capita dollar statistics (constant 2012 dollars),,
Delaware,  Real per capita personal income 4/,51689,4.3
Delaware,  Real per capita PCE 5/,41737,-3.4
Delaware,Per capita current dollar statistics,,
Delaware,  Per capita personal income 6/,56324,3.9
Delaware,  Per capita disposable personal income 7/,49821,4.3
Delaware,  Per capita personal consumption expenditures (PCE) 8/,45481,-2.4
Delaware,Price indexes,,
Delaware,  Regional price parities (RPPs) 9/,97.872,-1.1
Delaware,  Implicit regional price deflator 10/,108.858,0.1
Delaware,Employment,,
Delaware,  Total employment (number of jobs),592045,-1.8
District of Columbia,Real dollar statistics,,
District of Columbia,  Real GDP (millions of chained 2012 dollars) 1/,122485.3,-1.7
District of Columbia,  Real personal income (millions of constant (2012) dollars) 2/,49925.8,4.4
District of Columbia,  Real PCE (millions of constant (2012) dollars) 3/,37471.6,-8.9
District of Columbia,Current dollar statistics (millions of dollars),,
District of Columbia,  Gross domestic product (GDP),144720,0.5
District of Columbia,  Personal income,61925.5,6.4
District of Columbia,  Disposable personal income,52510.2,7.3
District of Columbia,  Personal consumption expenditures,47733.5,-2.8
District of Columbia,Real per capita dollar statistics (constant 2012 dollars),,
District of Columbia,  Real per capita personal income 4/,70040,3.7
District of Columbia,  Real per capita PCE 5/,52568,-9.5
District of Columbia,Per capita current dollar statistics,,
District of Columbia,  Per capita personal income 6/,89735,6
District of Columbia,  Per capita disposable personal income 7/,76091,6.9
District of Columbia,  Per capita personal consumption expenditures (PCE) 8/,69170,-3.2
District of Columbia,Price indexes,,
District of Columbia,  Regional price parities (RPPs) 9/,111.459,2.2
District of Columbia,  Implicit regional price deflator 10/,123.97,3.4
District of Columbia,Employment,,
District of Columbia,  Total employment (number of jobs),865878,-5.4
Florida,Real dollar statistics,,
Florida,  Real GDP (millions of chained 2012 dollars) 1/,950164.4,-1.6
Florida,  Real personal income (millions of constant (2012) dollars) 2/,1083474.6,4.2
Florida,  Real PCE (millions of constant (2012) dollars) 3/,846225.4,-3.9
Florida,Current dollar statistics (millions of dollars),,
Florida,  Gross domestic product (GDP),1116726.8,0.5
Florida,  Personal income,1235793.4,6.1
Florida,  Disposable personal income,1111276.3,6.6
Florida,  Personal consumption expenditures,954880.3,-1
Florida,Real per capita dollar statistics (constant 2012 dollars),,
Florida,  Real per capita personal income 4/,49853,3.1
Florida,  Real per capita PCE 5/,38937,-4.9
Florida,Per capita current dollar statistics,,
Florida,  Per capita personal income 6/,57292,5
Florida,  Per capita disposable personal income 7/,51520,5.5
Florida,  Per capita personal consumption expenditures (PCE) 8/,44269,-2
Florida,Price indexes,,
Florida,  Regional price parities (RPPs) 9/,100.711,0.8
Florida,  Implicit regional price deflator 10/,112.016,2
Florida,Employment,,
Florida,  Total employment (number of jobs),12720098,-0.3
Georgia,Real dollar statistics,,
Georgia,  Real GDP (millions of chained 2012 dollars) 1/,537615.8,-3.5
Georgia,  Real personal income (millions of constant (2012) dollars) 2/,528986.8,6.2
Georgia,  Real PCE (millions of constant (2012) dollars) 3/,388721,-2.7
Georgia,Current dollar statistics (millions of dollars),,
Georgia,  Gross domestic product (GDP),625425.7,-2
Georgia,  Personal income,557601.2,6.7
Georgia,  Disposable personal income,500696.2,7.4
Georgia,  Personal consumption expenditures,410296,-1.3
Georgia,Real per capita dollar statistics (constant 2012 dollars),,
Georgia,  Real per capita personal income 4/,49392,5.4
Georgia,  Real per capita PCE 5/,36295,-3.5
Georgia,Per capita current dollar statistics,,
Georgia,  Per capita personal income 6/,51987,5.9
Georgia,  Per capita disposable personal income 7/,46681,6.6
Georgia,  Per capita personal consumption expenditures (PCE) 8/,38253,-2.1
Georgia,Price indexes,,
Georgia,  Regional price parities (RPPs) 9/,94.541,-0.3
Georgia,  Implicit regional price deflator 10/,105.153,0.9
Georgia,Employment,,
Georgia,  Total employment (number of jobs),6326942,-1.1
Hawaii,Real dollar statistics,,
Hawaii,  Real GDP (millions of chained 2012 dollars) 1/,70109.4,-11.5
Hawaii,  Real personal income (millions of constant (2012) dollars) 2/,66458.6,3.4
Hawaii,  Real PCE (millions of constant (2012) dollars) 3/,50923.3,-7
Hawaii,Current dollar statistics (millions of dollars),,
Hawaii,  Gross domestic product (GDP),82535.5,-10.2
Hawaii,  Personal income,83109.5,4.3
Hawaii,  Disposable personal income,74141.3,4.5
Hawaii,  Personal consumption expenditures,64031.5,-4.4
Hawaii,Real per capita dollar statistics (constant 2012 dollars),,
Hawaii,  Real per capita personal income 4/,47234,4
Hawaii,  Real per capita PCE 5/,36193,-6.4
Hawaii,Per capita current dollar statistics,,
Hawaii,  Per capita personal income 6/,57241,4.6
Hawaii,  Per capita disposable personal income 7/,51065,4.8
Hawaii,  Per capita personal consumption expenditures (PCE) 8/,44102,-4
Hawaii,Price indexes,,
Hawaii,  Regional price parities (RPPs) 9/,111.985,0.6
Hawaii,  Implicit regional price deflator 10/,124.555,1.8
Hawaii,Employment,,
Hawaii,  Total employment (number of jobs),817748,-10.5
Idaho,Real dollar statistics,,
Idaho,  Real GDP (millions of chained 2012 dollars) 1/,75145.5,1.3
Idaho,  Real personal income (millions of constant (2012) dollars) 2/,88085.7,9.8
Idaho,  Real PCE (millions of constant (2012) dollars) 3/,63865.6,2
Idaho,Current dollar statistics (millions of dollars),,
Idaho,  Gross domestic product (GDP),85927.8,3.7
Idaho,  Personal income,91448.5,10.1
Idaho,  Disposable personal income,82766.5,10.8
Idaho,  Personal consumption expenditures,65101,1.8
Idaho,Real per capita dollar statistics (constant 2012 dollars),,
Idaho,  Real per capita personal income 4/,48216,7.5
Idaho,  Real per capita PCE 5/,34958,-0.1
Idaho,Per capita current dollar statistics,,
Idaho,  Per capita personal income 6/,49491,7.8
Idaho,  Per capita disposable personal income 7/,44793,8.4
Idaho,  Per capita personal consumption expenditures (PCE) 8/,35232,-0.4
Idaho,Price indexes,,
Idaho,  Regional price parities (RPPs) 9/,91.196,-1.9
Idaho,  Implicit regional price deflator 10/,101.433,-0.7
Idaho,Employment,,
Idaho,  Total employment (number of jobs),1078122,1.3
Illinois,Real dollar statistics,,
Illinois,  Real GDP (millions of chained 2012 dollars) 1/,734385,-5.4
Illinois,  Real personal income (millions of constant (2012) dollars) 2/,710967,3.9
Illinois,  Real PCE (millions of constant (2012) dollars) 3/,495383.1,-5.4
Illinois,Current dollar statistics (millions of dollars),,
Illinois,  Gross domestic product (GDP),856942.9,-3.7
Illinois,  Personal income,794459.5,5.8
Illinois,  Disposable personal income,701883.3,6.3
Illinois,  Personal consumption expenditures,556286.1,-2.9
Illinois,Real per capita dollar statistics (constant 2012 dollars),,
Illinois,  Real per capita personal income 4/,56482,4.6
Illinois,  Real per capita PCE 5/,39355,-4.8
Illinois,Per capita current dollar statistics,,
Illinois,  Per capita personal income 6/,62139,6.3
Illinois,  Per capita disposable personal income 7/,54898,6.8
Illinois,  Per capita personal consumption expenditures (PCE) 8/,43510,-2.4
Illinois,Price indexes,,
Illinois,  Regional price parities (RPPs) 9/,100.476,0.7
Illinois,  Implicit regional price deflator 10/,111.754,1.9
Illinois,Employment,,
Illinois,  Total employment (number of jobs),7519502,-4.3
Indiana,Real dollar statistics,,
Indiana,  Real GDP (millions of chained 2012 dollars) 1/,327277.9,-3.1
Indiana,  Real personal income (millions of constant (2012) dollars) 2/,341961.9,6.3
Indiana,  Real PCE (millions of constant (2012) dollars) 3/,250130.6,-1.2
Indiana,Current dollar statistics (millions of dollars),,
Indiana,  Gross domestic product (GDP),373781.6,-1.9
Indiana,  Personal income,354337.7,7.5
Indiana,  Disposable personal income,319874.5,7.7
Indiana,  Personal consumption expenditures,258617.9,-0.4
Indiana,Real per capita dollar statistics (constant 2012 dollars),,
Indiana,  Real per capita personal income 4/,50624,5.9
Indiana,  Real per capita PCE 5/,37029,-1.6
Indiana,Per capita current dollar statistics,,
Indiana,  Per capita personal income 6/,52219,7.1
Indiana,  Per capita disposable personal income 7/,47140,7.3
Indiana,  Per capita personal consumption expenditures (PCE) 8/,38113,-0.8
Indiana,Price indexes,,
Indiana,  Regional price parities (RPPs) 9/,92.501,-1
Indiana,  Implicit regional price deflator 10/,102.883,0.2
Indiana,Employment,,
Indiana,  Total employment (number of jobs),3843507,-3.2
Iowa,Real dollar statistics,,
Iowa,  Real GDP (millions of chained 2012 dollars) 1/,170957.4,-1.6
Iowa,  Real personal income (millions of constant (2012) dollars) 2/,167572.1,5.8
Iowa,  Real PCE (millions of constant (2012) dollars) 3/,117417.6,-2.7
Iowa,Current dollar statistics (millions of dollars),,
Iowa,  Gross domestic product (GDP),196982.9,0.7
Iowa,  Personal income,169994.2,6
Iowa,  Disposable personal income,153817.1,6.7
Iowa,  Personal consumption expenditures,119315.3,-1.9
Iowa,Real per capita dollar statistics (constant 2012 dollars),,
Iowa,  Real per capita personal income 4/,52969,5.7
Iowa,  Real per capita PCE 5/,37116,-2.8
Iowa,Per capita current dollar statistics,,
Iowa,  Per capita personal income 6/,53312,5.8
Iowa,  Per capita disposable personal income 7/,48239,6.6
Iowa,  Per capita personal consumption expenditures (PCE) 8/,37419,-2.1
Iowa,Price indexes,,
Iowa,  Regional price parities (RPPs) 9/,91.047,-0.9
Iowa,  Implicit regional price deflator 10/,101.266,0.3
Iowa,Employment,,
Iowa,  Total employment (number of jobs),2010409,-2.9
Kansas,Real dollar statistics,,
Kansas,  Real GDP (millions of chained 2012 dollars) 1/,158348.3,-0.9
Kansas,  Real personal income (millions of constant (2012) dollars) 2/,159598.1,5.2
Kansas,  Real PCE (millions of constant (2012) dollars) 3/,110175.9,-1.7
Kansas,Current dollar statistics (millions of dollars),,
Kansas,  Gross domestic product (GDP),177580.9,0.6
Kansas,  Personal income,164333.6,5.9
Kansas,  Disposable personal income,148056.5,6.4
Kansas,  Personal consumption expenditures,113475.7,-0.9
Kansas,Real per capita dollar statistics (constant 2012 dollars),,
Kansas,  Real per capita personal income 4/,54773,5.2
Kansas,  Real per capita PCE 5/,37812,-1.8
Kansas,Per capita current dollar statistics,,
Kansas,  Per capita personal income 6/,55974,5.9
Kansas,  Per capita disposable personal income 7/,50430,6.3
Kansas,  Per capita personal consumption expenditures (PCE) 8/,38651,-1
Kansas,Price indexes,,
Kansas,  Regional price parities (RPPs) 9/,92.364,-0.8
Kansas,  Implicit regional price deflator 10/,102.731,0.4
Kansas,Employment,,
Kansas,  Total employment (number of jobs),1879086,-2.4
Kentucky,Real dollar statistics,,
Kentucky,  Real GDP (millions of chained 2012 dollars) 1/,188396.3,-2.4
Kentucky,  Real personal income (millions of constant (2012) dollars) 2/,212898.1,7.1
Kentucky,  Real PCE (millions of constant (2012) dollars) 3/,163987.4,-1.8
Kentucky,Current dollar statistics (millions of dollars),,
Kentucky,  Gross domestic product (GDP),216865.6,-0.7
Kentucky,  Personal income,214052.5,8.5
Kentucky,  Disposable personal income,194013.6,9.4
Kentucky,  Personal consumption expenditures,164142.1,-0.4
Kentucky,Real per capita dollar statistics (constant 2012 dollars),,
Kentucky,  Real per capita personal income 4/,47551,7
Kentucky,  Real per capita PCE 5/,36627,-1.9
Kentucky,Per capita current dollar statistics,,
Kentucky,  Per capita personal income 6/,47525,8.3
Kentucky,  Per capita disposable personal income 7/,43076,9.3
Kentucky,  Per capita personal consumption expenditures (PCE) 8/,36444,-0.5
Kentucky,Price indexes,,
Kentucky,  Regional price parities (RPPs) 9/,89.778,-0.2
Kentucky,  Implicit regional price deflator 10/,99.855,1
Kentucky,Employment,,
Kentucky,  Total employment (number of jobs),2472056,-3.1
Louisiana,Real dollar statistics,,
Louisiana,  Real GDP (millions of chained 2012 dollars) 1/,218421.7,-7.9
Louisiana,  Real personal income (millions of constant (2012) dollars) 2/,229864.6,4.3
Louisiana,  Real PCE (millions of constant (2012) dollars) 3/,168266.1,-3.8
Louisiana,Current dollar statistics (millions of dollars),,
Louisiana,  Gross domestic product (GDP),232527.8,-9
Louisiana,  Personal income,236324.2,6.3
Louisiana,  Disposable personal income,217041.9,6.9
Louisiana,  Personal consumption expenditures,173900,-1.2
Louisiana,Real per capita dollar statistics (constant 2012 dollars),,
Louisiana,  Real per capita personal income 4/,49483,4.6
Louisiana,  Real per capita PCE 5/,36223,-3.5
Louisiana,Per capita current dollar statistics,,
Louisiana,  Per capita personal income 6/,50809,6.6
Louisiana,  Per capita disposable personal income 7/,46664,7.2
Louisiana,  Per capita personal consumption expenditures (PCE) 8/,37388,-0.9
Louisiana,Price indexes,,
Louisiana,  Regional price parities (RPPs) 9/,92.716,1
Louisiana,  Implicit regional price deflator 10/,103.123,2.2
Louisiana,Employment,,
Louisiana,  Total employment (number of jobs),2593066,-4.6
Maine,Real dollar statistics,,
Maine,  Real GDP (millions of chained 2012 dollars) 1/,59881.4,0.6
Maine,  Real personal income (millions of constant (2012) dollars) 2/,68204.3,6.4
Maine,  Real PCE (millions of constant (2012) dollars) 3/,56785.8,-3.1
Maine,Current dollar statistics (millions of dollars),,
Maine,  Gross domestic product (GDP),70740,3
Maine,  Personal income,74805.9,8.6
Maine,  Disposable personal income,67597,9.4
Maine,  Personal consumption expenditures,61370.5,-1
Maine,Real per capita dollar statistics (constant 2012 dollars),,
Maine,  Real per capita personal income 4/,50516,6.1
Maine,  Real per capita PCE 5/,42059,-3.4
Maine,Per capita current dollar statistics,,
Maine,  Per capita personal income 6/,54912,8.2
Maine,  Per capita disposable personal income 7/,49620,9
Maine,  Per capita personal consumption expenditures (PCE) 8/,45050,-1.4
Maine,Price indexes,,
Maine,  Regional price parities (RPPs) 9/,96.776,0.3
Maine,  Implicit regional price deflator 10/,107.639,1.5
Maine,Employment,,
Maine,  Total employment (number of jobs),813207,-3.5
Maryland,Real dollar statistics,,
Maryland,  Real GDP (millions of chained 2012 dollars) 1/,352384,-4.3
Maryland,  Real personal income (millions of constant (2012) dollars) 2/,342623,3.3
Maryland,  Real PCE (millions of constant (2012) dollars) 3/,226691.9,-7
Maryland,Current dollar statistics (millions of dollars),,
Maryland,  Gross domestic product (GDP),410931,-2.2
Maryland,  Personal income,405454.6,5.6
Maryland,  Disposable personal income,352071.7,6.5
Maryland,  Personal consumption expenditures,269486.2,-3.8
Maryland,Real per capita dollar statistics (constant 2012 dollars),,
Maryland,  Real per capita personal income 4/,56578,3.3
Maryland,  Real per capita PCE 5/,37434,-7
Maryland,Per capita current dollar statistics,,
Maryland,  Per capita personal income 6/,65685,5.4
Maryland,  Per capita disposable personal income 7/,57037,6.4
Maryland,  Per capita personal consumption expenditures (PCE) 8/,43658,-3.9
Maryland,Price indexes,,
Maryland,  Regional price parities (RPPs) 9/,106.472,1.6
Maryland,  Implicit regional price deflator 10/,118.424,2.8
Maryland,Employment,,
Maryland,  Total employment (number of jobs),3620521,-3.3
Massachusetts,Real dollar statistics,,
Massachusetts,  Real GDP (millions of chained 2012 dollars) 1/,500001,-2.8
Massachusetts,  Real personal income (millions of constant (2012) dollars) 2/,453961.5,4.9
Massachusetts,  Real PCE (millions of constant (2012) dollars) 3/,299971.2,-6.9
Massachusetts,Current dollar statistics (millions of dollars),,
Massachusetts,  Gross domestic product (GDP),585150.3,-0.8
Massachusetts,  Personal income,550459.5,7.2
Massachusetts,  Disposable personal income,471696,8.3
Massachusetts,  Personal consumption expenditures,360537.9,-4.2
Massachusetts,Real per capita dollar statistics (constant 2012 dollars),,
Massachusetts,  Real per capita personal income 4/,65853,4.9
Massachusetts,  Real per capita PCE 5/,43515,-6.8
Massachusetts,Per capita current dollar statistics,,
Massachusetts,  Per capita personal income 6/,78388,7.1
Massachusetts,  Per capita disposable personal income 7/,67172,8.2
Massachusetts,  Per capita personal consumption expenditures (PCE) 8/,51342,-4.3
Massachusetts,Price indexes,,
Massachusetts,  Regional price parities (RPPs) 9/,107.442,0.7
Massachusetts,  Implicit regional price deflator 10/,119.502,1.9
Massachusetts,Employment,,
Massachusetts,  Total employment (number of jobs),4600345,-5.6
Michigan,Real dollar statistics,,
Michigan,  Real GDP (millions of chained 2012 dollars) 1/,448455.3,-4
Michigan,  Real personal income (millions of constant (2012) dollars) 2/,508997.4,8
Michigan,  Real PCE (millions of constant (2012) dollars) 3/,393269.4,-2.9
Michigan,Current dollar statistics (millions of dollars),,
Michigan,  Gross domestic product (GDP),520105.3,-2.3
Michigan,  Personal income,537493.5,8.5
Michigan,  Disposable personal income,484712.1,9.6
Michigan,  Personal consumption expenditures,411989.1,-2.4
Michigan,Real per capita dollar statistics (constant 2012 dollars),,
Michigan,  Real per capita personal income 4/,51071,8.2
Michigan,  Real per capita PCE 5/,39459,-2.7
Michigan,Per capita current dollar statistics,,
Michigan,  Per capita personal income 6/,53388,8.6
Michigan,  Per capita disposable personal income 7/,48145,9.7
Michigan,  Per capita personal consumption expenditures (PCE) 8/,40922,-2.3
Michigan,Price indexes,,
Michigan,  Regional price parities (RPPs) 9/,94.045,-1.1
Michigan,  Implicit regional price deflator 10/,104.601,0.1
Michigan,Employment,,
Michigan,  Total employment (number of jobs),5388167,-5.7
Minnesota,Real dollar statistics,,
Minnesota,  Real GDP (millions of chained 2012 dollars) 1/,328489.5,-3.5
Minnesota,  Real personal income (millions of constant (2012) dollars) 2/,320748.9,5.4
Minnesota,  Real PCE (millions of constant (2012) dollars) 3/,229001.5,-5.4
Minnesota,Current dollar statistics (millions of dollars),,
Minnesota,  Gross domestic product (GDP),376814.4,-1.9
Minnesota,  Personal income,355211.2,6.7
Minnesota,  Disposable personal income,311082.3,7.4
Minnesota,  Personal consumption expenditures,252088,-3.6
Minnesota,Real per capita dollar statistics (constant 2012 dollars),,
Minnesota,  Real per capita personal income 4/,56696,5.1
Minnesota,  Real per capita PCE 5/,40479,-5.6
Minnesota,Per capita current dollar statistics,,
Minnesota,  Per capita personal income 6/,62240,6.3
Minnesota,  Per capita disposable personal income 7/,54507,7
Minnesota,  Per capita personal consumption expenditures (PCE) 8/,44170,-4
Minnesota,Price indexes,,
Minnesota,  Regional price parities (RPPs) 9/,98.625,0
Minnesota,  Implicit regional price deflator 10/,109.696,1.1
Minnesota,Employment,,
Minnesota,  Total employment (number of jobs),3608149,-4.6
Mississippi,Real dollar statistics,,
Mississippi,  Real GDP (millions of chained 2012 dollars) 1/,100526.9,-0.5
Mississippi,  Real personal income (millions of constant (2012) dollars) 2/,128412.9,6.1
Mississippi,  Real PCE (millions of constant (2012) dollars) 3/,98330.7,-1.9
Mississippi,Current dollar statistics (millions of dollars),,
Mississippi,  Gross domestic product (GDP),115123.4,0.8
Mississippi,  Personal income,126306.9,7.9
Mississippi,  Disposable personal income,117059.7,8.3
Mississippi,  Personal consumption expenditures,96324.6,-0.2
Mississippi,Real per capita dollar statistics (constant 2012 dollars),,
Mississippi,  Real per capita personal income 4/,43284,6.5
Mississippi,  Real per capita PCE 5/,33144,-1.5
Mississippi,Per capita current dollar statistics,,
Mississippi,  Per capita personal income 6/,42716,8.3
Mississippi,  Per capita disposable personal income 7/,39589,8.8
Mississippi,  Per capita personal consumption expenditures (PCE) 8/,32577,0.2
Mississippi,Price indexes,,
Mississippi,  Regional price parities (RPPs) 9/,87.775,0.2
Mississippi,  Implicit regional price deflator 10/,97.628,1.4
Mississippi,Employment,,
Mississippi,  Total employment (number of jobs),1573592,-2.1
Missouri,Real dollar statistics,,
Missouri,  Real GDP (millions of chained 2012 dollars) 1/,282754.1,-2.7
Missouri,  Real personal income (millions of constant (2012) dollars) 2/,310064.8,5.3
Missouri,  Real PCE (millions of constant (2012) dollars) 3/,239174.1,-3.1
Missouri,Current dollar statistics (millions of dollars),,
Missouri,  Gross domestic product (GDP),330249.9,-0.7
Missouri,  Personal income,320698.2,6.5
Missouri,  Disposable personal income,288990.1,7.1
Missouri,  Personal consumption expenditures,246982.5,-1.8
Missouri,Real per capita dollar statistics (constant 2012 dollars),,
Missouri,  Real per capita personal income 4/,50404,5.1
Missouri,  Real per capita PCE 5/,38880,-3.2
Missouri,Per capita current dollar statistics,,
Missouri,  Per capita personal income 6/,52108,6.3
Missouri,  Per capita disposable personal income 7/,46956,7
Missouri,  Per capita personal consumption expenditures (PCE) 8/,40131,-2
Missouri,Price indexes,,
Missouri,  Regional price parities (RPPs) 9/,92.494,-0.5
Missouri,  Implicit regional price deflator 10/,102.876,0.6
Missouri,Employment,,
Missouri,  Total employment (number of jobs),3693351,-2.3
Montana,Real dollar statistics,,
Montana,  Real GDP (millions of chained 2012 dollars) 1/,46750.4,-0.3
Montana,  Real personal income (millions of constant (2012) dollars) 2/,56248.7,8.3
Montana,  Real PCE (millions of constant (2012) dollars) 3/,44465.6,1
Montana,Current dollar statistics (millions of dollars),,
Montana,  Gross domestic product (GDP),52355.8,0.8
Montana,  Personal income,58769.6,8.7
Montana,  Disposable personal income,52805.3,9.3
Montana,  Personal consumption expenditures,46022,1.2
Montana,Real per capita dollar statistics (constant 2012 dollars),,
Montana,  Real per capita personal income 4/,52054,7.3
Montana,  Real per capita PCE 5/,41150,0
Montana,Per capita current dollar statistics,,
Montana,  Per capita personal income 6/,54106,7.6
Montana,  Per capita disposable personal income 7/,48615,8.2
Montana,  Per capita personal consumption expenditures (PCE) 8/,42370,0.2
Montana,Price indexes,,
Montana,  Regional price parities (RPPs) 9/,92.443,-1.8
Montana,  Implicit regional price deflator 10/,102.82,-0.6
Montana,Employment,,
Montana,  Total employment (number of jobs),684333,-0.3
Nebraska,Real dollar statistics,,
Nebraska,  Real GDP (millions of chained 2012 dollars) 1/,118141.5,-0.4
Nebraska,  Real personal income (millions of constant (2012) dollars) 2/,108291.2,6.2
Nebraska,  Real PCE (millions of constant (2012) dollars) 3/,77154.8,-1.8
Nebraska,Current dollar statistics (millions of dollars),,
Nebraska,  Gross domestic product (GDP),134580.8,2.1
Nebraska,  Personal income,112629.7,6.3
Nebraska,  Disposable personal income,101869,6.8
Nebraska,  Personal consumption expenditures,80058.2,-0.6
Nebraska,Real per capita dollar statistics (constant 2012 dollars),,
Nebraska,  Real per capita personal income 4/,55891,6
Nebraska,  Real per capita PCE 5/,39821,-2.1
Nebraska,Per capita current dollar statistics,,
Nebraska,  Per capita personal income 6/,57421,6
Nebraska,  Per capita disposable personal income 7/,51935,6.5
Nebraska,  Per capita personal consumption expenditures (PCE) 8/,40816,-1
Nebraska,Price indexes,,
Nebraska,  Regional price parities (RPPs) 9/,92.89,-0.5
Nebraska,  Implicit regional price deflator 10/,103.317,0.7
Nebraska,Employment,,
Nebraska,  Total employment (number of jobs),1305987,-1.7
Nevada,Real dollar statistics,,
Nevada,  Real GDP (millions of chained 2012 dollars) 1/,146492.5,-6.7
Nevada,  Real personal income (millions of constant (2012) dollars) 2/,156644.1,7
Nevada,  Real PCE (millions of constant (2012) dollars) 3/,113990.9,-1.6
Nevada,Current dollar statistics (millions of dollars),,
Nevada,  Gross domestic product (GDP),172562.6,-5.3
Nevada,  Personal income,172538.5,6.9
Nevada,  Disposable personal income,156436.5,7.5
Nevada,  Personal consumption expenditures,124030.6,-1.3
Nevada,Real per capita dollar statistics (constant 2012 dollars),,
Nevada,  Real per capita personal income 4/,49914,5.3
Nevada,  Real per capita PCE 5/,36323,-3.1
Nevada,Per capita current dollar statistics,,
Nevada,  Per capita personal income 6/,55406,5.3
Nevada,  Per capita disposable personal income 7/,50235,6
Nevada,  Per capita personal consumption expenditures (PCE) 8/,39829,-2.8
Nevada,Price indexes,,
Nevada,  Regional price parities (RPPs) 9/,97.056,-1.9
Nevada,  Implicit regional price deflator 10/,107.951,-0.7
Nevada,Employment,,
Nevada,  Total employment (number of jobs),1770936,-6
New Hampshire,Real dollar statistics,,
New Hampshire,  Real GDP (millions of chained 2012 dollars) 1/,75927.6,-1.2
New Hampshire,  Real personal income (millions of constant (2012) dollars) 2/,79711.7,4.2
New Hampshire,  Real PCE (millions of constant (2012) dollars) 3/,61305.9,-3.3
New Hampshire,Current dollar statistics (millions of dollars),,
New Hampshire,  Gross domestic product (GDP),88337.7,1.1
New Hampshire,  Personal income,94440.8,6.3
New Hampshire,  Disposable personal income,85335.7,6.8
New Hampshire,  Personal consumption expenditures,71131.4,-1
New Hampshire,Real per capita dollar statistics (constant 2012 dollars),,
New Hampshire,  Real per capita personal income 4/,58342,3.7
New Hampshire,  Real per capita PCE 5/,44871,-3.7
New Hampshire,Per capita current dollar statistics,,
New Hampshire,  Per capita personal income 6/,68542,5.9
New Hampshire,  Per capita disposable personal income 7/,61934,6.4
New Hampshire,  Per capita personal consumption expenditures (PCE) 8/,51625,-1.5
New Hampshire,Price indexes,,
New Hampshire,  Regional price parities (RPPs) 9/,103.713,0.3
New Hampshire,  Implicit regional price deflator 10/,115.354,1.5
New Hampshire,Employment,,
New Hampshire,  Total employment (number of jobs),858502,-3.6
New Jersey,Real dollar statistics,,
New Jersey,  Real GDP (millions of chained 2012 dollars) 1/,535323.7,-4.3
New Jersey,  Real personal income (millions of constant (2012) dollars) 2/,529339.1,4
New Jersey,  Real PCE (millions of constant (2012) dollars) 3/,360787.4,-4.1
New Jersey,Current dollar statistics (millions of dollars),,
New Jersey,  Gross domestic product (GDP),620085.9,-2.8
New Jersey,  Personal income,663544.1,4.7
New Jersey,  Disposable personal income,579483.8,5.4
New Jersey,  Personal consumption expenditures,447693.8,-2.1
New Jersey,Real per capita dollar statistics (constant 2012 dollars),,
New Jersey,  Real per capita personal income 4/,59594,4.1
New Jersey,  Real per capita PCE 5/,40618,-4
New Jersey,Per capita current dollar statistics,,
New Jersey,  Per capita personal income 6/,71505,4.5
New Jersey,  Per capita disposable personal income 7/,62446,5.2
New Jersey,  Per capita personal consumption expenditures (PCE) 8/,48244,-2.3
New Jersey,Price indexes,,
New Jersey,  Regional price parities (RPPs) 9/,111.163,0.3
New Jersey,  Implicit regional price deflator 10/,123.64,1.4
New Jersey,Employment,,
New Jersey,  Total employment (number of jobs),5319600,-4.5
New Mexico,Real dollar statistics,,
New Mexico,  Real GDP (millions of chained 2012 dollars) 1/,92496.3,-2.5
New Mexico,  Real personal income (millions of constant (2012) dollars) 2/,96125.9,8.6
New Mexico,  Real PCE (millions of constant (2012) dollars) 3/,72931,-1.7
New Mexico,Current dollar statistics (millions of dollars),,
New Mexico,  Gross domestic product (GDP),98790,-3.2
New Mexico,  Personal income,99018,7.8
New Mexico,  Disposable personal income,91171.2,8.8
New Mexico,  Personal consumption expenditures,74388.6,-1.9
New Mexico,Real per capita dollar statistics (constant 2012 dollars),,
New Mexico,  Real per capita personal income 4/,45637,8.2
New Mexico,  Real per capita PCE 5/,34625,-2.1
New Mexico,Per capita current dollar statistics,,
New Mexico,  Per capita personal income 6/,46760,7.4
New Mexico,  Per capita disposable personal income 7/,43055,8.4
New Mexico,  Per capita personal consumption expenditures (PCE) 8/,35129,-2.3
New Mexico,Price indexes,,
New Mexico,  Regional price parities (RPPs) 9/,91.567,-1.8
New Mexico,  Implicit regional price deflator 10/,101.845,-0.6
New Mexico,Employment,,
New Mexico,  Total employment (number of jobs),1069680,-4.2
New York,Real dollar statistics,,
New York,  Real GDP (millions of chained 2012 dollars) 1/,1432507,-4.6
New York,  Real personal income (millions of constant (2012) dollars) 2/,1178311.4,3.9
New York,  Real PCE (millions of constant (2012) dollars) 3/,784533.7,-7
New York,Current dollar statistics (millions of dollars),,
New York,  Gross domestic product (GDP),1740804.7,-2.6
New York,  Personal income,1442624.6,5.9
New York,  Disposable personal income,1225726.1,7.2
New York,  Personal consumption expenditures,966027.5,-4.4
New York,Real per capita dollar statistics (constant 2012 dollars),,
New York,  Real per capita personal income 4/,60936,4.6
New York,  Real per capita PCE 5/,40572,-6.4
New York,Per capita current dollar statistics,,
New York,  Per capita personal income 6/,71577,6.3
New York,  Per capita disposable personal income 7/,60815,7.5
New York,  Per capita personal consumption expenditures (PCE) 8/,47930,-4.1
New York,Price indexes,,
New York,  Regional price parities (RPPs) 9/,110.212,0.7
New York,  Implicit regional price deflator 10/,122.583,1.9
New York,Employment,,
New York,  Total employment (number of jobs),11872381,-6.9
North Carolina,Real dollar statistics,,
North Carolina,  Real GDP (millions of chained 2012 dollars) 1/,506658.1,-1.2
North Carolina,  Real personal income (millions of constant (2012) dollars) 2/,523633.4,5.8
North Carolina,  Real PCE (millions of constant (2012) dollars) 3/,397413.9,-1.3
North Carolina,Current dollar statistics (millions of dollars),,
North Carolina,  Gross domestic product (GDP),598915.9,0.7
North Carolina,  Personal income,542726.5,7.4
North Carolina,  Disposable personal income,486060.2,8.1
North Carolina,  Personal consumption expenditures,407610.3,0.2
North Carolina,Real per capita dollar statistics (constant 2012 dollars),,
North Carolina,  Real per capita personal income 4/,49396,4.8
North Carolina,  Real per capita PCE 5/,37489,-2.2
North Carolina,Per capita current dollar statistics,,
North Carolina,  Per capita personal income 6/,51900,6.5
North Carolina,  Per capita disposable personal income 7/,46481,7.2
North Carolina,  Per capita personal consumption expenditures (PCE) 8/,38979,-0.7
North Carolina,Price indexes,,
North Carolina,  Regional price parities (RPPs) 9/,91.84,-0.4
North Carolina,  Implicit regional price deflator 10/,102.149,0.8
North Carolina,Employment,,
North Carolina,  Total employment (number of jobs),6055314,-1.5
North Dakota,Real dollar statistics,,
North Dakota,  Real GDP (millions of chained 2012 dollars) 1/,53653.6,-4.8
North Dakota,  Real personal income (millions of constant (2012) dollars) 2/,46137.4,5.1
North Dakota,  Real PCE (millions of constant (2012) dollars) 3/,32851.9,-4.4
North Dakota,Current dollar statistics (millions of dollars),,
North Dakota,  Gross domestic product (GDP),54422.9,-8.1
North Dakota,  Personal income,47410.7,6.9
North Dakota,  Disposable personal income,43230.1,7.5
North Dakota,  Personal consumption expenditures,33820.5,-2.8
North Dakota,Real per capita dollar statistics (constant 2012 dollars),,
North Dakota,  Real per capita personal income 4/,60286,4.9
North Dakota,  Real per capita PCE 5/,42926,-4.6
North Dakota,Per capita current dollar statistics,,
North Dakota,  Per capita personal income 6/,60864,6.6
North Dakota,  Per capita disposable personal income 7/,55497,7.1
North Dakota,  Per capita personal consumption expenditures (PCE) 8/,43417,-3.1
North Dakota,Price indexes,,
North Dakota,  Regional price parities (RPPs) 9/,92.041,-0.2
North Dakota,  Implicit regional price deflator 10/,102.372,1
North Dakota,Employment,,
North Dakota,  Total employment (number of jobs),560682,-3.6
Ohio,Real dollar statistics,,
Ohio,  Real GDP (millions of chained 2012 dollars) 1/,594143.6,-3.1
Ohio,  Real personal income (millions of constant (2012) dollars) 2/,616908.2,7.5
Ohio,  Real PCE (millions of constant (2012) dollars) 3/,457102.5,-1.6
Ohio,Current dollar statistics (millions of dollars),,
Ohio,  Gross domestic product (GDP),684382.5,-1.8
Ohio,  Personal income,631330.7,7
Ohio,  Disposable personal income,569348.7,7.7
Ohio,  Personal consumption expenditures,467691,-1.5
Ohio,Real per capita dollar statistics (constant 2012 dollars),,
Ohio,  Real per capita personal income 4/,52758,7.5
Ohio,  Real per capita PCE 5/,39091,-1.6
Ohio,Per capita current dollar statistics,,
Ohio,  Per capita personal income 6/,53545,7
Ohio,  Per capita disposable personal income 7/,48288,7.7
Ohio,  Per capita personal consumption expenditures (PCE) 8/,39666,-1.5
Ohio,Price indexes,,
Ohio,  Regional price parities (RPPs) 9/,91.69,-1.6
Ohio,  Implicit regional price deflator 10/,101.981,-0.5
Ohio,Employment,,
Ohio,  Total employment (number of jobs),6853595,-3.1
Oklahoma,Real dollar statistics,,
Oklahoma,  Real GDP (millions of chained 2012 dollars) 1/,192485.5,-4.3
Oklahoma,  Real personal income (millions of constant (2012) dollars) 2/,196070.8,1.7
Oklahoma,  Real PCE (millions of constant (2012) dollars) 3/,135341.1,-3.2
Oklahoma,Current dollar statistics (millions of dollars),,
Oklahoma,  Gross domestic product (GDP),190063.6,-6.9
Oklahoma,  Personal income,200152.9,4.3
Oklahoma,  Disposable personal income,183543.9,4.7
Oklahoma,  Personal consumption expenditures,138003.6,-0.6
Oklahoma,Real per capita dollar statistics (constant 2012 dollars),,
Oklahoma,  Real per capita personal income 4/,49254,1.2
Oklahoma,  Real per capita PCE 5/,33999,-3.6
Oklahoma,Per capita current dollar statistics,,
Oklahoma,  Per capita personal income 6/,50518,3.8
Oklahoma,  Per capita disposable personal income 7/,46326,4.2
Oklahoma,  Per capita personal consumption expenditures (PCE) 8/,34832,-1
Oklahoma,Price indexes,,
Oklahoma,  Regional price parities (RPPs) 9/,91.322,1
Oklahoma,  Implicit regional price deflator 10/,101.572,2.2
Oklahoma,Employment,,
Oklahoma,  Total employment (number of jobs),2263126,-2
Oregon,Real dollar statistics,,
Oregon,  Real GDP (millions of chained 2012 dollars) 1/,215743.6,-1.8
Oregon,  Real personal income (millions of constant (2012) dollars) 2/,209889.8,7.8
Oregon,  Real PCE (millions of constant (2012) dollars) 3/,156276,-1.6
Oregon,Current dollar statistics (millions of dollars),,
Oregon,  Gross domestic product (GDP),247966.7,0.3
Oregon,  Personal income,241790.3,8.8
Oregon,  Disposable personal income,212803.6,10
Oregon,  Personal consumption expenditures,179129.5,-0.7
Oregon,Real per capita dollar statistics (constant 2012 dollars),,
Oregon,  Real per capita personal income 4/,49485,7.1
Oregon,  Real per capita PCE 5/,36844,-2.2
Oregon,Per capita current dollar statistics,,
Oregon,  Per capita personal income 6/,57005,8.1
Oregon,  Per capita disposable personal income 7/,50171,9.4
Oregon,  Per capita personal consumption expenditures (PCE) 8/,42232,-1.2
Oregon,Price indexes,,
Oregon,  Regional price parities (RPPs) 9/,102.622,-0.8
Oregon,  Implicit regional price deflator 10/,114.141,0.3
Oregon,Employment,,
Oregon,  Total employment (number of jobs),2493784,-3.3
Pennsylvania,Real dollar statistics,,
Pennsylvania,  Real GDP (millions of chained 2012 dollars) 1/,680957.4,-4.8
Pennsylvania,  Real personal income (millions of constant (2012) dollars) 2/,729033.5,6.2
Pennsylvania,  Real PCE (millions of constant (2012) dollars) 3/,525981.5,-4.8
Pennsylvania,Current dollar statistics (millions of dollars),,
Pennsylvania,  Gross domestic product (GDP),771613.2,-3.5
Pennsylvania,  Personal income,788281.5,6.5
Pennsylvania,  Disposable personal income,704233.7,7.2
Pennsylvania,  Personal consumption expenditures,572692.2,-3.4
Pennsylvania,Real per capita dollar statistics (constant 2012 dollars),,
Pennsylvania,  Real per capita personal income 4/,57030,6.4
Pennsylvania,  Real per capita PCE 5/,41146,-4.7
Pennsylvania,Per capita current dollar statistics,,
Pennsylvania,  Per capita personal income 6/,60685,6.6
Pennsylvania,  Per capita disposable personal income 7/,54215,7.2
Pennsylvania,  Per capita personal consumption expenditures (PCE) 8/,44088,-3.4
Pennsylvania,Price indexes,,
Pennsylvania,  Regional price parities (RPPs) 9/,97.564,-0.4
Pennsylvania,  Implicit regional price deflator 10/,108.516,0.8
Pennsylvania,Employment,,
Pennsylvania,  Total employment (number of jobs),7413333,-4.6
Rhode Island,Real dollar statistics,,
Rhode Island,  Real GDP (millions of chained 2012 dollars) 1/,51516.1,-3.5
Rhode Island,  Real personal income (millions of constant (2012) dollars) 2/,56935.8,5.9
Rhode Island,  Real PCE (millions of constant (2012) dollars) 3/,40076.5,-5.2
Rhode Island,Current dollar statistics (millions of dollars),,
Rhode Island,  Gross domestic product (GDP),60770.6,-1.4
Rhode Island,  Personal income,65709,7.5
Rhode Island,  Disposable personal income,58730.1,8.1
Rhode Island,  Personal consumption expenditures,45546.3,-3.2
Rhode Island,Real per capita dollar statistics (constant 2012 dollars),,
Rhode Island,  Real per capita personal income 4/,53859,6
Rhode Island,  Real per capita PCE 5/,37911,-5.1
Rhode Island,Per capita current dollar statistics,,
Rhode Island,  Per capita personal income 6/,59941,7.4
Rhode Island,  Per capita disposable personal income 7/,53575,8
Rhode Island,  Per capita personal consumption expenditures (PCE) 8/,41548,-3.3
Rhode Island,Price indexes,,
Rhode Island,  Regional price parities (RPPs) 9/,101.845,0.3
Rhode Island,  Implicit regional price deflator 10/,113.276,1.4
Rhode Island,Employment,,
Rhode Island,  Total employment (number of jobs),615726,-5.4
South Carolina,Real dollar statistics,,
South Carolina,  Real GDP (millions of chained 2012 dollars) 1/,208234.1,-2.3
South Carolina,  Real personal income (millions of constant (2012) dollars) 2/,246563.9,6.3
South Carolina,  Real PCE (millions of constant (2012) dollars) 3/,192240.4,-1
South Carolina,Current dollar statistics (millions of dollars),,
South Carolina,  Gross domestic product (GDP),245359.5,-0.3
South Carolina,  Personal income,251946.2,6.3
South Carolina,  Disposable personal income,227513.9,6.9
South Carolina,  Personal consumption expenditures,196787.9,0.2
South Carolina,Real per capita dollar statistics (constant 2012 dollars),,
South Carolina,  Real per capita personal income 4/,47252,5
South Carolina,  Real per capita PCE 5/,36842,-2.2
South Carolina,Per capita current dollar statistics,,
South Carolina,  Per capita personal income 6/,49105,5.2
South Carolina,  Per capita disposable personal income 7/,44343,5.8
South Carolina,  Per capita personal consumption expenditures (PCE) 8/,38355,-0.8
South Carolina,Price indexes,,
South Carolina,  Regional price parities (RPPs) 9/,91.647,-0.5
South Carolina,  Implicit regional price deflator 10/,101.934,0.7
South Carolina,Employment,,
South Carolina,  Total employment (number of jobs),2825222,-2
South Dakota,Real dollar statistics,,
South Dakota,  Real GDP (millions of chained 2012 dollars) 1/,47402.4,1.6
South Dakota,  Real personal income (millions of constant (2012) dollars) 2/,52147.6,8.7
South Dakota,  Real PCE (millions of constant (2012) dollars) 3/,36681.1,-1
South Dakota,Current dollar statistics (millions of dollars),,
South Dakota,  Gross domestic product (GDP),55681.2,3.1
South Dakota,  Personal income,53621.5,9.9
South Dakota,  Disposable personal income,49853.7,10.6
South Dakota,  Personal consumption expenditures,37476.5,0
South Dakota,Real per capita dollar statistics (constant 2012 dollars),,
South Dakota,  Real per capita personal income 4/,58414,8.1
South Dakota,  Real per capita PCE 5/,41089,-1.7
South Dakota,Per capita current dollar statistics,,
South Dakota,  Per capita personal income 6/,60446,9.3
South Dakota,  Per capita disposable personal income 7/,56199,10
South Dakota,  Per capita personal consumption expenditures (PCE) 8/,42246,-0.6
South Dakota,Price indexes,,
South Dakota,  Regional price parities (RPPs) 9/,91.518,-0.8
South Dakota,  Implicit regional price deflator 10/,101.79,0.4
South Dakota,Employment,,
South Dakota,  Total employment (number of jobs),606699,-0.7
Tennessee,Real dollar statistics,,
Tennessee,  Real GDP (millions of chained 2012 dollars) 1/,323454,-2.3
Tennessee,  Real personal income (millions of constant (2012) dollars) 2/,344034.4,3.6
Tennessee,  Real PCE (millions of constant (2012) dollars) 3/,251970.4,-2.4
Tennessee,Current dollar statistics (millions of dollars),,
Tennessee,  Gross domestic product (GDP),379007.1,-0.3
Tennessee,  Personal income,362278.1,7
Tennessee,  Disposable personal income,334898,7.4
Tennessee,  Personal consumption expenditures,259372.2,-0.3
Tennessee,Real per capita dollar statistics (constant 2012 dollars),,
Tennessee,  Real per capita personal income 4/,49955,2.8
Tennessee,  Real per capita PCE 5/,36587,-3.2
Tennessee,Per capita current dollar statistics,,
Tennessee,  Per capita personal income 6/,52351,6.1
Tennessee,  Per capita disposable personal income 7/,48395,6.6
Tennessee,  Per capita personal consumption expenditures (PCE) 8/,37481,-1.1
Tennessee,Price indexes,,
Tennessee,  Regional price parities (RPPs) 9/,92.15,0.3
Tennessee,  Implicit regional price deflator 10/,102.493,1.4
Tennessee,Employment,,
Tennessee,  Total employment (number of jobs),4121399,-1.1
Texas,Real dollar statistics,,
Texas,  Real GDP (millions of chained 2012 dollars) 1/,1747562,-1.8
Texas,  Real personal income (millions of constant (2012) dollars) 2/,1466415.9,3.3
Texas,  Real PCE (millions of constant (2012) dollars) 3/,1051771,-2.4
Texas,Current dollar statistics (millions of dollars),,
Texas,  Gross domestic product (GDP),1789933.4,-3.7
Texas,  Personal income,1624525.8,4.1
Texas,  Disposable personal income,1479123.6,4.3
Texas,  Personal consumption expenditures,1168805.2,-0.2
Texas,Real per capita dollar statistics (constant 2012 dollars),,
Texas,  Real per capita personal income 4/,49945,2
Texas,  Real per capita PCE 5/,35822,-3.6
Texas,Per capita current dollar statistics,,
Texas,  Per capita personal income 6/,55601,2.8
Texas,  Per capita disposable personal income 7/,50624,3
Texas,  Per capita personal consumption expenditures (PCE) 8/,40003,-1.5
Texas,Price indexes,,
Texas,  Regional price parities (RPPs) 9/,99.542,0.4
Texas,  Implicit regional price deflator 10/,110.715,1.6
Texas,Employment,,
Texas,  Total employment (number of jobs),17706662,-1.1
Utah,Real dollar statistics,,
Utah,  Real GDP (millions of chained 2012 dollars) 1/,174954.7,1.7
Utah,  Real personal income (millions of constant (2012) dollars) 2/,160505.6,9
Utah,  Real PCE (millions of constant (2012) dollars) 3/,114548,2.2
Utah,Current dollar statistics (millions of dollars),,
Utah,  Gross domestic product (GDP),202133.4,2.8
Utah,  Personal income,171385.4,9.1
Utah,  Disposable personal income,152659.2,9.8
Utah,  Personal consumption expenditures,122472.1,2.3
Utah,Real per capita dollar statistics (constant 2012 dollars),,
Utah,  Real per capita personal income 4/,49388,7.5
Utah,  Real per capita PCE 5/,35247,0.8
Utah,Per capita current dollar statistics,,
Utah,  Per capita personal income 6/,52225,7.5
Utah,  Per capita disposable personal income 7/,46519,8.2
Utah,  Per capita personal consumption expenditures (PCE) 8/,37320,0.8
Utah,Price indexes,,
Utah,  Regional price parities (RPPs) 9/,95.322,-2.1
Utah,  Implicit regional price deflator 10/,106.021,-1
Utah,Employment,,
Utah,  Total employment (number of jobs),2135409,1.5
Vermont,Real dollar statistics,,
Vermont,  Real GDP (millions of chained 2012 dollars) 1/,29064.6,-2.9
Vermont,  Real personal income (millions of constant (2012) dollars) 2/,33490,5.2
Vermont,  Real PCE (millions of constant (2012) dollars) 3/,26737.7,-5.4
Vermont,Current dollar statistics (millions of dollars),,
Vermont,  Gross domestic product (GDP),34018.6,-0.6
Vermont,  Personal income,38097.7,7.1
Vermont,  Disposable personal income,34260,7.4
Vermont,  Personal consumption expenditures,29686.3,-3.4
Vermont,Real per capita dollar statistics (constant 2012 dollars),,
Vermont,  Real per capita personal income 4/,53726,5.3
Vermont,  Real per capita PCE 5/,42894,-5.3
Vermont,Per capita current dollar statistics,,
Vermont,  Per capita personal income 6/,59296,7
Vermont,  Per capita disposable personal income 7/,53323,7.3
Vermont,  Per capita personal consumption expenditures (PCE) 8/,46205,-3.5
Vermont,Price indexes,,
Vermont,  Regional price parities (RPPs) 9/,99.347,0.4
Vermont,  Implicit regional price deflator 10/,110.499,1.5
Vermont,Employment,,
Vermont,  Total employment (number of jobs),409390,-5.6
Virginia,Real dollar statistics,,
Virginia,  Real GDP (millions of chained 2012 dollars) 1/,478909.3,-2.1
Virginia,  Real personal income (millions of constant (2012) dollars) 2/,475341.6,4
Virginia,  Real PCE (millions of constant (2012) dollars) 3/,327035.8,-4.5
Virginia,Current dollar statistics (millions of dollars),,
Virginia,  Gross domestic product (GDP),556992.6,-0.1
Virginia,  Personal income,536817.2,5.7
Virginia,  Disposable personal income,470939.4,6.4
Virginia,  Personal consumption expenditures,369718.3,-1.9
Virginia,Real per capita dollar statistics (constant 2012 dollars),,
Virginia,  Real per capita personal income 4/,55333,3.6
Virginia,  Real per capita PCE 5/,38069,-4.9
Virginia,Per capita current dollar statistics,,
Virginia,  Per capita personal income 6/,62189,5.3
Virginia,  Per capita disposable personal income 7/,54557,6
Virginia,  Per capita personal consumption expenditures (PCE) 8/,42831,-2.3
Virginia,Price indexes,,
Virginia,  Regional price parities (RPPs) 9/,100.978,0.7
Virginia,  Implicit regional price deflator 10/,112.313,1.9
Virginia,Employment,,
Virginia,  Total employment (number of jobs),5224997,-2
Washington,Real dollar statistics,,
Washington,  Real GDP (millions of chained 2012 dollars) 1/,538856.1,1.1
Washington,  Real personal income (millions of constant (2012) dollars) 2/,433804.2,6.3
Washington,  Real PCE (millions of constant (2012) dollars) 3/,296640.8,-3.8
Washington,Current dollar statistics (millions of dollars),,
Washington,  Gross domestic product (GDP),612969.1,3
Washington,  Personal income,527581.8,7.6
Washington,  Disposable personal income,473497.6,8.3
Washington,  Personal consumption expenditures,356590.2,-1.5
Washington,Real per capita dollar statistics (constant 2012 dollars),,
Washington,  Real per capita personal income 4/,56385,5.2
Washington,  Real per capita PCE 5/,38557,-4.8
Washington,Per capita current dollar statistics,,
Washington,  Per capita personal income 6/,68350,6.5
Washington,  Per capita disposable personal income 7/,61344,7.2
Washington,  Per capita personal consumption expenditures (PCE) 8/,46198,-2.5
Washington,Price indexes,,
Washington,  Regional price parities (RPPs) 9/,107.359,0.2
Washington,  Implicit regional price deflator 10/,119.41,1.4
Washington,Employment,,
Washington,  Total employment (number of jobs),4436065,-3.3
West Virginia,Real dollar statistics,,
West Virginia,  Real GDP (millions of chained 2012 dollars) 1/,70444.2,-3
West Virginia,  Real personal income (millions of constant (2012) dollars) 2/,82331.9,4.5
West Virginia,  Real PCE (millions of constant (2012) dollars) 3/,67875.3,-3.3
West Virginia,Current dollar statistics (millions of dollars),,
West Virginia,  Gross domestic product (GDP),76547.9,-3.5
West Virginia,  Personal income,80971.2,4.7
West Virginia,  Disposable personal income,74113.9,5.1
West Virginia,  Personal consumption expenditures,66537.4,-2.1
West Virginia,Real per capita dollar statistics (constant 2012 dollars),,
West Virginia,  Real per capita personal income 4/,46130,5.2
West Virginia,  Real per capita PCE 5/,38030,-2.7
West Virginia,Per capita current dollar statistics,,
West Virginia,  Per capita personal income 6/,45240,5.3
West Virginia,  Per capita disposable personal income 7/,41409,5.7
West Virginia,  Per capita personal consumption expenditures (PCE) 8/,37176,-1.6
West Virginia,Price indexes,,
West Virginia,  Regional price parities (RPPs) 9/,87.959,-0.4
West Virginia,  Implicit regional price deflator 10/,97.833,0.8
West Virginia,Employment,,
West Virginia,  Total employment (number of jobs),841019,-4.6
Wisconsin,Real dollar statistics,,
Wisconsin,  Real GDP (millions of chained 2012 dollars) 1/,293104.9,-3.5
Wisconsin,  Real personal income (millions of constant (2012) dollars) 2/,313787.8,5.5
Wisconsin,  Real PCE (millions of constant (2012) dollars) 3/,230514.1,-2.1
Wisconsin,Current dollar statistics (millions of dollars),,
Wisconsin,  Gross domestic product (GDP),340591.1,-1.3
Wisconsin,  Personal income,329622.8,6
Wisconsin,  Disposable personal income,294460.8,6.8
Wisconsin,  Personal consumption expenditures,239972.9,-1.6
Wisconsin,Real per capita dollar statistics (constant 2012 dollars),,
Wisconsin,  Real per capita personal income 4/,53798,5.4
Wisconsin,  Real per capita PCE 5/,39521,-2.2
Wisconsin,Per capita current dollar statistics,,
Wisconsin,  Per capita personal income 6/,55941,5.8
Wisconsin,  Per capita disposable personal income 7/,49974,6.6
Wisconsin,  Per capita personal consumption expenditures (PCE) 8/,40726,-1.8
Wisconsin,Price indexes,,
Wisconsin,  Regional price parities (RPPs) 9/,93.188,-1.4
Wisconsin,  Implicit regional price deflator 10/,103.648,-0.2
Wisconsin,Employment,,
Wisconsin,  Total employment (number of jobs),3582636,-3.7
Wyoming,Real dollar statistics,,
Wyoming,  Real GDP (millions of chained 2012 dollars) 1/,36268.6,-5.7
Wyoming,  Real personal income (millions of constant (2012) dollars) 2/,35209.1,1.9
Wyoming,  Real PCE (millions of constant (2012) dollars) 3/,23844,-1.4
Wyoming,Current dollar statistics (millions of dollars),,
Wyoming,  Gross domestic product (GDP),36330.4,-7.9
Wyoming,  Personal income,37974,2.9
Wyoming,  Disposable personal income,34345.3,3
Wyoming,  Personal consumption expenditures,24566.4,-1
Wyoming,Real per capita dollar statistics (constant 2012 dollars),,
Wyoming,  Real per capita personal income 4/,60463,1.5
Wyoming,  Real per capita PCE 5/,40946,-1.8
Wyoming,Per capita current dollar statistics,,
Wyoming,  Per capita personal income 6/,65782,2.6
Wyoming,  Per capita disposable personal income 7/,59496,2.7
Wyoming,  Per capita personal consumption expenditures (PCE) 8/,42556,-1.3
Wyoming,Price indexes,,
Wyoming,  Regional price parities (RPPs) 9/,92.257,-1.2
Wyoming,  Implicit regional price deflator 10/,102.612,-0.1
Wyoming,Employment,,
Wyoming,  Total employment (number of jobs),401871,-1.6
,,,
,,,
,,,
,,,
,,,
,,,
,,,
,,,
,,,
,,,
,,,
,,,
,,,
